CODMUNRES;ANO;NIVEL;TO;TORC;TORCR;TO_NN;TO_N;TO_CB_I;TO_CB_N;TO_CB_C;TO_CB_R;TO_CB_O;TO_M;TO_F;TO_F_IF;TO_FT;TO_NT;TO_NT_P;TO_NT_T;TO_PNT;TO_MT_G;TONT_B;TONT_PT;TONT_A;TONT_PD;TONT_I;TO_MT;TO_MT_DG;TO_MT_PT;TO_MT_AB;TO_MT_42;TO_MT_43;TO_MT_P;TO_MT_P_I;TO_MT_P_ES;TO_MT_P_EFI;TO_MT_P_EFII;TO_MT_P_EM;TO_MT_P_ESI;TO_MT_P_ESC
310000;2015;MUNICIPIO;191;0;0;107;84;5;6;15;13;45;158;27;9;0;0;0;0;1;0;0;0;0;0;0;0;0;0;0;0;0;0;0;0;0;0;0;0;0
310010;2015;MUNICIPIO;46;0;0;2;44;4;7;12;8;13;27;19;2;0;0;0;0;0;0;0;0;0;0;0;0;0;0;0;0;0;0;0;0;0;0;0;0;0
310020;2015;MUNICIPIO;175;0;0;16;159;9;33;39;21;57;82;93;8;0;2;2;0;0;0;2;0;0;0;0;0;0;0;0;0;0;0;0;0;0;0;0;0;0
310030;2015;MUNICIPIO;84;0;0;12;72;1;12;23;10;26;45;39;3;0;3;3;0;1;0;1;0;0;2;0;0;0;0;0;0;0;0;0;0;0;0;0;0;0
310040;2015;MUNICIPIO;21;0;0;1;20;1;1;6;1;11;12;9;1;0;0;0;0;0;0;0;0;0;0;0;0;0;0;0;0;0;0;0;0;0;0;0;0;0
310050;2015;MUNICIPIO;58;0;0;7;51;3;15;17;6;10;29;29;4;0;0;0;0;3;0;0;0;0;0;0;0;0;0;0;0;0;0;0;0;0;0;0;0;0
310060;2015;MUNICIPIO;81;0;0;3;78;2;17;15;5;39;42;39;6;0;0;0;0;0;0;0;0;0;0;0;0;0;0;0;0;0;0;0;0;0;0;0;0;0
310070;2015;MUNICIPIO;12;0;0;1;11;2;5;3;0;1;9;3;1;0;0;0;0;0;0;0;0;0;0;0;0;0;0;0;0;0;0;0;0;0;0;0;0;0
310080;2015;MUNICIPIO;26;0;0;3;23;1;3;7;2;10;17;9;0;0;0;0;0;1;0;0;0;0;0;0;0;0;0;0;0;0;0;0;0;0;0;0;0;0
310090;2015;MUNICIPIO;146;0;0;25;121;4;18;43;11;45;97;49;7;0;4;4;0;2;0;0;0;0;4;0;0;0;0;0;0;0;0;0;0;0;0;0;0;0
310100;2015;MUNICIPIO;72;0;0;8;64;4;10;17;7;26;38;34;5;0;2;1;1;1;0;2;0;0;0;0;0;0;0;0;0;0;0;0;0;0;0;0;0;0
310110;2015;MUNICIPIO;198;0;0;27;171;6;26;63;37;39;107;91;7;0;3;3;0;3;0;1;0;0;2;0;1;0;1;0;0;0;1;1;0;0;0;0;0;0
310120;2015;MUNICIPIO;57;0;0;3;54;0;14;18;8;14;31;26;3;0;1;1;0;0;0;0;0;0;0;0;0;0;0;0;0;0;0;0;0;0;0;0;0;0
310130;2015;MUNICIPIO;27;0;0;2;25;1;1;14;1;8;16;11;0;0;1;1;0;0;0;1;0;0;0;0;0;0;0;0;0;0;0;0;0;0;0;0;0;0
310140;2015;MUNICIPIO;13;0;0;0;13;0;1;5;3;4;10;3;0;0;2;1;1;0;0;2;0;0;0;0;0;0;0;0;0;0;0;0;0;0;0;0;0;0
310150;2015;MUNICIPIO;314;0;0;16;298;14;49;109;52;74;160;154;13;0;4;3;1;1;1;0;0;0;3;0;1;1;0;0;0;0;1;1;0;0;0;0;0;0
310160;2015;MUNICIPIO;545;0;0;41;504;23;97;149;70;165;309;236;22;0;5;4;1;3;0;1;0;0;2;0;2;0;0;0;1;1;1;1;0;0;0;0;0;1
310163;2015;MUNICIPIO;40;0;0;7;33;2;10;9;6;6;23;17;5;0;0;0;0;0;0;0;0;0;0;0;1;0;0;0;1;0;1;1;0;1;0;0;0;0
310170;2015;MUNICIPIO;290;0;0;25;265;14;35;61;33;122;172;118;14;0;6;4;2;3;0;1;0;0;3;0;0;0;0;0;0;0;0;0;0;0;0;0;0;0
310180;2015;MUNICIPIO;50;0;0;12;38;0;12;9;4;13;28;22;3;0;1;1;0;1;0;0;0;0;1;0;0;0;0;0;0;0;0;0;0;0;0;0;0;0
310190;2015;MUNICIPIO;126;0;0;5;121;4;27;20;21;49;65;61;7;0;0;0;0;1;0;0;0;0;0;0;1;0;0;0;1;0;1;1;0;1;0;0;0;0
310200;2015;MUNICIPIO;110;0;0;4;106;6;15;43;9;33;64;46;1;0;2;1;1;0;0;1;0;0;1;0;0;0;0;0;0;0;0;0;0;0;0;0;0;0
310205;2015;MUNICIPIO;38;0;0;1;37;0;6;18;1;12;18;20;2;0;2;2;0;0;0;2;0;0;0;0;0;0;0;0;0;0;0;0;0;0;0;0;0;0
310210;2015;MUNICIPIO;117;0;0;22;95;3;20;29;20;23;63;54;9;0;1;1;0;0;0;1;0;0;0;0;1;0;0;0;1;0;1;1;0;0;0;1;0;0
310220;2015;MUNICIPIO;29;0;0;2;27;1;5;10;4;7;17;12;1;0;1;1;0;0;0;0;0;0;1;0;0;0;0;0;0;0;0;0;0;0;0;0;0;0
310230;2015;MUNICIPIO;99;0;0;7;92;10;20;25;12;25;54;45;6;0;0;0;0;1;0;0;0;0;0;0;0;0;0;0;0;0;0;0;0;0;0;0;0;0
310240;2015;MUNICIPIO;20;0;0;4;16;2;3;6;2;3;10;10;1;0;0;0;0;0;0;0;0;0;0;0;0;0;0;0;0;0;0;0;0;0;0;0;0;0
310250;2015;MUNICIPIO;48;0;0;2;46;0;10;18;4;14;23;25;3;0;0;0;0;0;0;0;0;0;0;0;0;0;0;0;0;0;0;0;0;0;0;0;0;0
310260;2015;MUNICIPIO;299;0;0;26;273;6;55;92;39;81;184;115;6;0;3;1;2;0;0;3;0;0;0;0;0;0;0;0;0;0;0;0;0;0;0;0;0;0
310270;2015;MUNICIPIO;61;0;0;9;52;6;8;12;3;23;40;21;1;0;0;0;0;1;0;0;0;0;0;0;0;0;0;0;0;0;0;0;0;0;0;0;0;0
310280;2015;MUNICIPIO;100;0;0;8;92;5;24;32;8;23;56;44;1;0;1;1;0;0;0;0;0;0;0;0;0;0;0;0;0;0;0;0;0;0;0;0;0;0
310285;2015;MUNICIPIO;39;0;0;0;39;2;6;15;4;12;20;19;3;0;0;0;0;2;0;0;0;0;0;0;1;0;0;0;1;0;1;1;0;0;0;0;0;0
310290;2015;MUNICIPIO;80;0;0;5;75;2;18;21;11;23;44;36;4;0;0;0;0;0;0;0;0;0;0;0;1;0;1;0;0;0;1;1;0;0;0;1;0;0
310300;2015;MUNICIPIO;73;0;0;11;62;3;12;23;7;17;41;32;7;0;0;0;0;1;0;0;0;0;0;0;1;0;1;0;0;0;1;1;0;0;1;0;0;0
310310;2015;MUNICIPIO;11;0;0;0;11;0;3;6;1;1;4;7;1;0;0;0;0;0;0;0;0;0;0;0;0;0;0;0;0;0;0;0;0;0;0;0;0;0
310320;2015;MUNICIPIO;19;0;0;2;17;0;3;6;3;5;9;10;1;0;0;0;0;1;0;0;0;0;0;0;0;0;0;0;0;0;0;0;0;0;0;0;0;0
310330;2015;MUNICIPIO;10;0;0;1;9;2;1;2;3;1;6;4;0;0;0;0;0;1;0;0;0;0;0;0;0;0;0;0;0;0;0;0;0;0;0;0;0;0
310340;2015;MUNICIPIO;283;0;0;38;245;15;33;47;34;116;174;109;9;0;9;7;2;0;0;4;0;0;1;0;0;0;0;0;0;0;0;0;0;0;0;0;0;0
310350;2015;MUNICIPIO;852;0;0;88;764;41;127;274;80;242;500;352;38;0;13;10;3;7;0;9;0;0;3;0;2;0;0;0;1;1;1;1;0;1;0;0;0;0
310360;2015;MUNICIPIO;19;0;0;3;16;0;3;4;2;7;8;11;1;0;0;0;0;0;0;0;0;0;0;0;0;0;0;0;0;0;0;0;0;0;0;0;0;0
310370;2015;MUNICIPIO;42;0;0;4;38;2;8;14;5;9;22;20;3;0;0;0;0;0;0;0;0;0;0;0;0;0;0;0;0;0;0;0;0;0;0;0;0;0
310375;2015;MUNICIPIO;40;0;0;8;32;3;6;5;5;13;21;19;2;0;1;0;1;0;0;1;0;0;0;0;0;0;0;0;0;0;0;0;0;0;0;0;0;0
310380;2015;MUNICIPIO;15;0;0;2;13;0;1;7;4;1;8;7;1;0;0;0;0;0;0;0;0;0;0;0;0;0;0;0;0;0;0;0;0;0;0;0;0;0
310390;2015;MUNICIPIO;52;0;0;13;39;0;6;10;12;11;36;16;0;0;1;0;1;0;0;0;0;0;0;0;0;0;0;0;0;0;0;0;0;0;0;0;0;0
310400;2015;MUNICIPIO;690;0;0;52;638;29;109;233;79;188;381;309;25;0;12;10;2;2;0;6;1;0;5;0;1;0;0;0;1;0;1;1;0;0;0;1;0;0
310410;2015;MUNICIPIO;72;0;0;5;67;3;8;20;15;21;44;28;1;0;0;0;0;1;0;0;0;0;0;0;0;0;0;0;0;0;0;0;0;0;0;0;0;0
310420;2015;MUNICIPIO;278;0;0;30;248;11;52;77;34;74;159;119;15;0;2;2;0;1;0;2;0;0;0;0;1;0;0;1;0;0;1;0;0;0;0;0;0;0
310430;2015;MUNICIPIO;118;0;0;7;111;6;13;26;22;44;68;50;1;0;0;0;0;0;0;0;0;0;0;0;0;0;0;0;0;0;0;0;0;0;0;0;0;0
310440;2015;MUNICIPIO;24;0;0;2;22;1;4;9;3;5;15;9;2;0;0;0;0;0;0;0;0;0;0;0;0;0;0;0;0;0;0;0;0;0;0;0;0;0
310445;2015;MUNICIPIO;27;0;0;2;25;1;9;8;3;4;14;13;1;0;0;0;0;0;0;0;0;0;0;0;0;0;0;0;0;0;0;0;0;0;0;0;0;0
310450;2015;MUNICIPIO;86;0;0;16;70;2;9;22;7;30;50;36;8;0;1;0;1;0;0;0;0;0;1;0;0;0;0;0;0;0;0;0;0;0;0;0;0;0
310460;2015;MUNICIPIO;94;0;0;5;89;4;16;26;15;28;54;40;2;0;1;1;0;2;0;0;1;0;0;0;0;0;0;0;0;0;0;0;0;0;0;0;0;0
310470;2015;MUNICIPIO;92;0;0;9;83;3;9;21;8;42;56;36;5;0;2;1;1;0;0;0;0;0;2;0;1;0;0;0;1;0;1;1;0;0;1;0;0;0
310480;2015;MUNICIPIO;34;0;0;3;31;1;4;9;7;10;17;17;2;0;0;0;0;0;0;0;0;0;0;0;0;0;0;0;0;0;0;0;0;0;0;0;0;0
310490;2015;MUNICIPIO;139;0;0;6;133;4;22;52;25;30;74;65;3;0;1;0;1;0;0;1;0;0;0;0;0;0;0;0;0;0;0;0;0;0;0;0;0;0
310500;2015;MUNICIPIO;68;0;0;7;61;4;13;12;7;25;35;33;1;0;1;0;1;0;0;0;0;0;0;0;0;0;0;0;0;0;0;0;0;0;0;0;0;0
310510;2015;MUNICIPIO;186;0;0;12;174;13;29;63;17;52;109;77;3;0;2;2;0;0;0;2;0;0;0;0;0;0;0;0;0;0;0;0;0;0;0;0;0;0
310520;2015;MUNICIPIO;36;0;0;2;34;1;5;12;5;11;17;19;3;0;1;1;0;0;0;1;0;0;0;0;0;0;0;0;0;0;0;0;0;0;0;0;0;0
310530;2015;MUNICIPIO;43;0;0;9;34;0;10;9;5;10;26;17;3;0;0;0;0;0;0;0;0;0;0;0;0;0;0;0;0;0;0;0;0;0;0;0;0;0
310540;2015;MUNICIPIO;166;0;0;15;151;2;29;34;25;61;101;65;9;0;4;4;0;0;1;0;1;1;0;0;1;1;0;0;0;0;1;1;0;0;0;0;1;0
310550;2015;MUNICIPIO;45;0;0;1;44;1;9;13;8;13;19;26;4;0;0;0;0;0;0;0;0;0;0;0;0;0;0;0;0;0;0;0;0;0;0;0;0;0
310560;2015;MUNICIPIO;916;0;0;77;839;28;159;289;145;218;467;449;36;0;12;10;2;5;0;6;0;0;6;0;1;0;0;0;1;0;1;1;0;0;0;1;0;0
310570;2015;MUNICIPIO;42;0;0;4;38;0;6;13;6;13;29;13;1;0;0;0;0;0;0;0;0;0;0;0;0;0;0;0;0;0;0;0;0;0;0;0;0;0
310590;2015;MUNICIPIO;150;0;0;9;141;6;27;41;24;43;84;66;11;0;2;2;0;1;0;1;0;0;0;0;0;0;0;0;0;0;0;0;0;0;0;0;0;0
310600;2015;MUNICIPIO;62;0;0;10;52;2;8;20;4;18;33;29;5;0;1;0;1;0;0;0;0;0;1;0;0;0;0;0;0;0;0;0;0;0;0;0;0;0
310610;2015;MUNICIPIO;22;0;0;0;22;0;2;4;4;12;11;10;1;0;1;0;1;0;0;1;0;0;0;0;0;0;0;0;0;0;0;0;0;0;0;0;0;0
310620;2015;MUNICIPIO;15143;0;0;1493;13650;614;3328;3632;1750;4326;7961;7181;625;0;227;181;46;95;2;80;3;1;132;0;13;2;1;1;7;2;11;10;0;3;1;5;1;1
310630;2015;MUNICIPIO;142;0;0;29;113;4;20;41;19;29;75;67;13;0;1;0;1;2;0;1;0;0;0;0;2;0;0;0;0;2;0;0;0;0;0;0;0;0
310640;2015;MUNICIPIO;57;0;0;4;53;4;7;16;10;16;26;31;4;0;0;0;0;0;0;0;0;0;0;0;0;0;0;0;0;0;0;0;0;0;0;0;0;0
310650;2015;MUNICIPIO;67;0;0;6;61;12;10;13;0;26;40;27;4;0;0;0;0;0;0;0;0;0;0;0;0;0;0;0;0;0;0;0;0;0;0;0;0;0
310660;2015;MUNICIPIO;38;0;0;2;36;6;2;14;4;10;22;16;4;0;5;3;2;3;0;0;0;0;1;4;0;0;0;0;0;0;0;0;0;0;0;0;0;0
310665;2015;MUNICIPIO;26;0;0;1;25;0;8;6;5;6;12;14;3;0;1;1;0;0;0;0;0;0;1;0;0;0;0;0;0;0;0;0;0;0;0;0;0;0
310670;2015;MUNICIPIO;2197;0;0;410;1787;95;338;453;202;699;1265;932;169;0;54;42;12;22;3;15;2;0;37;0;7;3;0;0;3;1;6;3;0;2;1;1;0;1
310680;2015;MUNICIPIO;24;0;0;0;24;0;3;9;6;6;10;14;3;0;0;0;0;0;0;0;0;0;0;0;0;0;0;0;0;0;0;0;0;0;0;0;0;0
310690;2015;MUNICIPIO;128;0;0;13;115;7;15;33;25;35;68;57;4;0;2;2;0;0;0;1;0;0;1;0;0;0;0;0;0;0;0;0;0;0;0;0;0;0
310700;2015;MUNICIPIO;19;0;0;0;19;0;3;11;3;2;12;7;0;0;0;0;0;0;0;0;0;0;0;0;0;0;0;0;0;0;0;0;0;0;0;0;0;0
310710;2015;MUNICIPIO;294;0;0;23;271;3;46;105;27;90;168;126;19;0;10;9;1;2;0;5;1;0;3;0;1;0;0;0;1;0;1;1;0;0;0;0;0;0
310720;2015;MUNICIPIO;29;0;0;2;27;0;6;10;2;9;15;13;3;0;1;1;0;0;0;1;0;0;0;0;0;0;0;0;0;0;0;0;0;0;0;0;0;0
310730;2015;MUNICIPIO;333;0;0;40;293;22;40;68;41;122;170;163;28;0;6;6;0;3;2;0;0;0;4;0;3;2;0;0;1;0;3;2;0;1;2;0;0;0
310740;2015;MUNICIPIO;310;0;0;31;279;12;62;89;37;79;172;138;17;0;6;6;0;2;3;4;0;0;2;0;4;3;1;0;0;0;4;2;0;2;0;2;0;0
310750;2015;MUNICIPIO;51;0;0;3;48;0;8;16;4;20;22;27;3;0;0;0;0;0;0;0;0;0;0;0;0;0;0;0;0;0;0;0;0;0;0;0;0;0
310760;2015;MUNICIPIO;19;0;0;4;15;0;3;4;1;7;8;11;0;0;0;0;0;0;0;0;0;0;0;0;0;0;0;0;0;0;0;0;0;0;0;0;0;0
310770;2015;MUNICIPIO;45;0;0;7;38;0;9;12;4;13;26;19;2;0;1;0;1;0;0;0;0;0;0;0;0;0;0;0;0;0;0;0;0;0;0;0;0;0
310780;2015;MUNICIPIO;96;0;0;5;91;9;12;29;16;25;55;41;2;0;0;0;0;0;0;0;0;0;0;0;0;0;0;0;0;0;0;0;0;0;0;0;0;0
310790;2015;MUNICIPIO;80;0;0;7;73;2;16;20;13;22;48;32;1;0;0;0;0;0;0;0;0;0;0;0;0;0;0;0;0;0;0;0;0;0;0;0;0;0
310800;2015;MUNICIPIO;159;0;0;5;154;2;28;38;20;66;86;73;5;0;2;2;0;2;1;2;0;0;0;0;1;1;0;0;0;0;1;1;0;0;1;0;0;0
310810;2015;MUNICIPIO;52;0;0;6;46;2;4;15;11;14;27;25;2;0;0;0;0;0;0;0;0;0;0;0;0;0;0;0;0;0;0;0;0;0;0;0;0;0
310820;2015;MUNICIPIO;44;0;0;6;38;1;6;16;3;12;19;25;5;0;0;0;0;0;0;0;0;0;0;0;0;0;0;0;0;0;0;0;0;0;0;0;0;0
310825;2015;MUNICIPIO;51;0;0;9;42;2;1;20;4;15;28;23;0;0;1;1;0;1;0;0;0;0;1;0;0;0;0;0;0;0;0;0;0;0;0;0;0;0
310830;2015;MUNICIPIO;131;0;0;11;120;4;32;25;21;38;82;49;3;0;1;0;1;1;1;1;0;0;0;0;1;1;0;0;0;0;1;0;0;0;1;0;0;0
310840;2015;MUNICIPIO;123;0;0;12;111;3;20;37;8;43;61;62;5;0;1;1;0;1;1;0;0;0;0;0;1;1;0;0;0;0;1;1;0;1;0;0;0;0
310850;2015;MUNICIPIO;30;0;0;2;28;1;2;6;4;15;15;15;2;0;0;0;0;1;0;0;0;0;0;0;0;0;0;0;0;0;0;0;0;0;0;0;0;0
310855;2015;MUNICIPIO;52;0;0;8;44;3;8;15;6;12;32;20;5;0;2;2;0;0;0;0;0;0;2;0;0;0;0;0;0;0;0;0;0;0;0;0;0;0
310860;2015;MUNICIPIO;201;0;0;21;180;10;36;49;25;60;114;87;10;0;2;1;1;2;0;0;0;0;2;0;0;0;0;0;0;0;0;0;0;0;0;0;0;0
310870;2015;MUNICIPIO;39;0;0;9;30;0;5;10;4;11;24;15;0;0;1;1;0;1;0;1;0;0;0;0;0;0;0;0;0;0;0;0;0;0;0;0;0;0
310880;2015;MUNICIPIO;31;0;0;3;28;1;7;14;0;6;19;12;1;0;1;1;0;0;0;0;1;0;0;0;0;0;0;0;0;0;0;0;0;0;0;0;0;0
310890;2015;MUNICIPIO;106;0;0;4;102;1;15;27;20;39;52;54;2;0;0;0;0;0;0;0;0;0;0;0;0;0;0;0;0;0;0;0;0;0;0;0;0;0
310900;2015;MUNICIPIO;212;0;0;23;189;11;46;43;23;66;111;101;11;0;5;4;1;1;1;0;0;0;5;0;1;1;0;0;0;0;1;1;0;0;0;0;0;0
310910;2015;MUNICIPIO;72;0;0;6;66;2;9;20;9;26;38;34;2;0;2;2;0;0;0;2;0;0;0;0;0;0;0;0;0;0;0;0;0;0;0;0;0;0
310920;2015;MUNICIPIO;72;0;0;9;63;10;12;18;8;15;37;35;2;0;1;1;0;0;0;0;0;0;1;0;0;0;0;0;0;0;0;0;0;0;0;0;0;0
310925;2015;MUNICIPIO;20;0;0;2;18;0;2;9;7;0;11;9;3;0;0;0;0;0;0;0;0;0;0;0;0;0;0;0;0;0;0;0;0;0;0;0;0;0
310930;2015;MUNICIPIO;139;0;0;22;117;7;19;25;9;57;88;51;12;0;3;2;1;1;0;1;0;0;1;0;1;0;0;0;0;1;0;0;0;0;0;0;0;0
310940;2015;MUNICIPIO;96;0;0;22;74;6;13;15;11;29;53;43;11;0;2;1;1;1;0;0;0;0;1;0;1;0;0;0;0;1;0;0;0;0;0;0;0;0
310945;2015;MUNICIPIO;32;0;0;4;28;1;3;9;2;13;16;16;2;0;1;1;0;0;0;1;0;0;0;0;0;0;0;0;0;0;0;0;0;0;0;0;0;0
310950;2015;MUNICIPIO;87;0;0;2;85;1;10;21;16;37;52;35;2;0;3;1;2;0;0;3;0;0;0;0;0;0;0;0;0;0;0;0;0;0;0;0;0;0
310960;2015;MUNICIPIO;41;0;0;4;37;0;4;11;6;16;26;15;1;0;0;0;0;0;0;0;0;0;0;0;0;0;0;0;0;0;0;0;0;0;0;0;0;0
310970;2015;MUNICIPIO;72;0;0;3;69;3;13;21;8;24;34;38;2;0;2;1;1;1;0;2;0;0;0;0;0;0;0;0;0;0;0;0;0;0;0;0;0;0
310980;2015;MUNICIPIO;21;0;0;1;20;1;2;8;4;5;15;6;2;0;0;0;0;0;0;0;0;0;0;0;0;0;0;0;0;0;0;0;0;0;0;0;0;0
310990;2015;MUNICIPIO;59;0;0;6;53;2;16;14;7;14;32;27;3;0;1;0;1;0;0;0;0;0;0;0;0;0;0;0;0;0;0;0;0;0;0;0;0;0
311000;2015;MUNICIPIO;289;0;0;26;263;12;56;88;33;74;148;141;14;0;4;2;2;2;0;1;0;0;3;0;0;0;0;0;0;0;0;0;0;0;0;0;0;0
311010;2015;MUNICIPIO;35;0;0;0;35;2;5;11;4;13;18;17;1;0;0;0;0;0;0;0;0;0;0;0;0;0;0;0;0;0;0;0;0;0;0;0;0;0
311020;2015;MUNICIPIO;26;0;0;5;21;0;3;6;3;9;19;7;0;0;0;0;0;0;0;0;0;0;0;0;0;0;0;0;0;0;0;0;0;0;0;0;0;0
311030;2015;MUNICIPIO;125;0;0;18;107;1;23;27;18;38;77;48;4;0;1;1;0;0;0;0;0;0;1;0;0;0;0;0;0;0;0;0;0;0;0;0;0;0
311040;2015;MUNICIPIO;28;0;0;2;26;1;6;6;7;6;17;11;1;0;0;0;0;0;0;0;0;0;0;0;0;0;0;0;0;0;0;0;0;0;0;0;0;0
311050;2015;MUNICIPIO;133;0;0;14;119;3;20;42;12;42;86;47;7;0;2;1;1;0;0;2;0;0;0;0;1;0;0;0;0;1;0;0;0;0;0;0;0;0
311060;2015;MUNICIPIO;234;0;0;11;223;2;36;65;43;77;129;105;8;0;3;2;1;1;1;3;0;0;0;0;2;1;0;0;0;1;1;0;0;1;0;0;0;0
311070;2015;MUNICIPIO;101;0;0;9;92;1;20;24;8;39;59;42;2;0;1;1;0;2;0;0;0;0;1;0;0;0;0;0;0;0;0;0;0;0;0;0;0;0
311080;2015;MUNICIPIO;29;0;0;4;25;0;5;5;2;13;22;7;2;0;1;1;0;0;0;0;0;0;1;0;0;0;0;0;0;0;0;0;0;0;0;0;0;0
311090;2015;MUNICIPIO;108;0;0;10;98;5;15;29;17;32;56;52;4;0;3;3;0;0;0;2;0;0;1;0;0;0;0;0;0;0;0;0;0;0;0;0;0;0
311100;2015;MUNICIPIO;153;0;0;10;143;6;23;35;23;56;86;67;6;0;0;0;0;0;1;0;0;0;0;0;1;1;0;0;0;0;1;1;0;1;0;0;0;0
311110;2015;MUNICIPIO;122;0;0;10;112;5;14;37;17;39;72;50;8;0;1;1;0;0;0;1;0;0;0;0;0;0;0;0;0;0;0;0;0;0;0;0;0;0
311115;2015;MUNICIPIO;19;0;0;0;19;2;2;6;2;7;8;11;3;0;0;0;0;0;0;0;0;0;0;0;0;0;0;0;0;0;0;0;0;0;0;0;0;0
311120;2015;MUNICIPIO;453;0;0;37;416;12;87;149;44;124;231;222;21;0;6;4;2;1;1;1;1;0;4;0;2;1;0;0;0;1;1;1;0;0;0;0;0;0
311130;2015;MUNICIPIO;107;0;0;5;102;2;17;24;15;44;68;39;5;0;2;0;2;1;0;0;0;0;2;0;0;0;0;0;0;0;0;0;0;0;0;0;0;0
311140;2015;MUNICIPIO;38;0;0;4;34;4;8;8;6;8;25;13;3;0;1;1;0;0;0;1;0;0;0;0;0;0;0;0;0;0;0;0;0;0;0;0;0;0
311150;2015;MUNICIPIO;88;0;0;9;79;2;11;27;10;29;51;37;9;0;2;2;0;0;0;1;1;0;0;0;0;0;0;0;0;0;0;0;0;0;0;0;0;0
311160;2015;MUNICIPIO;177;0;0;17;160;6;30;56;14;54;105;72;7;0;2;1;1;3;0;1;1;0;0;0;0;0;0;0;0;0;0;0;0;0;0;0;0;0
311170;2015;MUNICIPIO;27;0;0;2;25;0;4;9;5;7;17;10;0;0;0;0;0;1;0;0;0;0;0;0;0;0;0;0;0;0;0;0;0;0;0;0;0;0
311180;2015;MUNICIPIO;57;0;0;5;52;2;9;12;8;21;38;19;1;0;1;0;1;1;0;1;0;0;0;0;0;0;0;0;0;0;0;0;0;0;0;0;0;0
311190;2015;MUNICIPIO;41;0;0;3;38;0;7;13;6;12;21;20;3;0;0;0;0;0;0;0;0;0;0;0;0;0;0;0;0;0;0;0;0;0;0;0;0;0
311200;2015;MUNICIPIO;113;0;0;10;103;2;22;35;13;31;61;52;3;0;2;2;0;0;0;1;0;0;1;0;1;0;0;0;1;0;1;1;0;0;1;0;0;0
311205;2015;MUNICIPIO;36;0;0;5;31;0;11;10;3;7;19;17;1;0;1;0;1;0;0;0;0;0;1;0;0;0;0;0;0;0;0;0;0;0;0;0;0;0
311210;2015;MUNICIPIO;22;0;0;0;22;0;3;5;4;10;13;9;1;0;2;2;0;0;0;2;0;0;0;0;0;0;0;0;0;0;0;0;0;0;0;0;0;0
311220;2015;MUNICIPIO;41;0;0;4;37;1;2;10;9;15;18;23;4;0;0;0;0;0;0;0;0;0;0;0;0;0;0;0;0;0;0;0;0;0;0;0;0;0
311230;2015;MUNICIPIO;196;0;0;28;168;18;25;33;27;65;115;81;6;0;2;1;1;0;0;0;0;0;1;0;0;0;0;0;0;0;0;0;0;0;0;0;0;0
311240;2015;MUNICIPIO;49;0;0;3;46;10;4;4;7;21;27;22;2;0;0;0;0;0;0;0;0;0;0;0;0;0;0;0;0;0;0;0;0;0;0;0;0;0
311250;2015;MUNICIPIO;61;0;0;12;49;2;8;19;8;12;39;22;0;0;1;1;0;0;0;0;0;0;1;0;0;0;0;0;0;0;0;0;0;0;0;0;0;0
311260;2015;MUNICIPIO;98;0;0;7;91;6;14;22;21;28;58;40;3;0;0;0;0;0;0;0;0;0;0;0;0;0;0;0;0;0;0;0;0;0;0;0;0;0
311265;2015;MUNICIPIO;41;0;0;9;32;2;5;12;4;9;26;15;2;0;0;0;0;0;0;0;0;0;0;0;0;0;0;0;0;0;0;0;0;0;0;0;0;0
311270;2015;MUNICIPIO;82;0;0;8;74;8;10;11;11;34;46;36;6;0;3;2;1;0;0;3;0;0;0;0;0;0;0;0;0;0;0;0;0;0;0;0;0;0
311280;2015;MUNICIPIO;55;0;0;6;49;4;8;8;13;16;32;23;3;0;1;1;0;0;0;0;0;0;1;0;0;0;0;0;0;0;0;0;0;0;0;0;0;0
311290;2015;MUNICIPIO;72;0;0;7;65;2;9;13;11;30;39;33;0;0;1;1;0;1;0;1;0;0;0;0;0;0;0;0;0;0;0;0;0;0;0;0;0;0
311300;2015;MUNICIPIO;170;0;0;20;150;5;23;53;11;58;97;73;12;0;2;2;0;1;0;2;0;0;0;0;0;0;0;0;0;0;0;0;0;0;0;0;0;0
311310;2015;MUNICIPIO;15;0;0;0;15;2;5;1;4;3;11;4;0;0;1;1;0;0;0;0;0;0;1;0;0;0;0;0;0;0;0;0;0;0;0;0;0;0
311320;2015;MUNICIPIO;185;0;0;21;164;7;32;50;26;49;86;99;7;0;2;2;0;1;0;1;0;0;1;0;0;0;0;0;0;0;0;0;0;0;0;0;0;0
311330;2015;MUNICIPIO;317;0;0;24;293;24;51;58;49;111;186;131;13;0;3;3;0;0;0;2;0;0;0;0;1;0;0;0;1;0;1;1;0;0;0;0;0;0
311340;2015;MUNICIPIO;597;0;0;69;528;46;104;158;68;152;331;266;37;0;15;11;4;2;0;8;0;0;7;0;0;0;0;0;0;0;0;0;0;0;0;0;0;0
311350;2015;MUNICIPIO;70;0;0;4;66;9;14;19;8;16;39;31;5;0;0;0;0;1;1;0;0;0;0;0;1;1;0;0;0;0;1;1;0;0;0;0;0;0
311360;2015;MUNICIPIO;56;0;0;1;55;0;14;16;9;16;35;21;5;0;0;0;0;1;0;0;0;0;0;0;0;0;0;0;0;0;0;0;0;0;0;0;0;0
311370;2015;MUNICIPIO;166;0;0;24;142;4;32;57;13;36;104;62;10;0;1;1;0;0;0;0;0;0;1;0;0;0;0;0;0;0;0;0;0;0;0;0;0;0
311380;2015;MUNICIPIO;15;0;0;0;15;0;2;6;3;4;8;7;0;0;1;1;0;0;0;0;0;0;1;0;0;0;0;0;0;0;0;0;0;0;0;0;0;0
311390;2015;MUNICIPIO;89;0;0;3;86;4;12;20;9;41;52;37;7;0;4;3;1;0;0;0;0;0;3;0;0;0;0;0;0;0;0;0;0;0;0;0;0;0
311400;2015;MUNICIPIO;84;0;0;7;77;3;15;29;7;23;40;44;4;0;1;0;1;2;0;0;0;0;1;0;1;0;1;0;0;0;1;0;0;0;0;0;0;0
311410;2015;MUNICIPIO;84;0;0;2;82;2;17;25;18;20;49;35;4;0;2;2;0;0;0;2;0;0;0;0;0;0;0;0;0;0;0;0;0;0;0;0;0;0
311420;2015;MUNICIPIO;113;0;0;14;99;6;19;34;10;30;64;49;3;0;2;2;0;1;0;1;0;0;0;0;1;0;0;0;1;0;1;0;0;0;0;0;0;0
311430;2015;MUNICIPIO;203;0;0;21;182;10;39;61;25;47;102;101;17;0;1;0;1;2;0;0;0;0;1;0;1;0;0;0;0;1;0;0;0;0;0;0;0;0
311440;2015;MUNICIPIO;145;0;0;8;137;8;25;40;25;39;80;65;8;0;2;2;0;3;0;0;0;0;2;0;1;0;0;0;1;0;1;1;0;0;1;0;0;0
311450;2015;MUNICIPIO;109;0;0;11;98;4;21;34;19;20;63;46;4;0;0;0;0;1;0;0;0;0;0;0;0;0;0;0;0;0;0;0;0;0;0;0;0;0
311455;2015;MUNICIPIO;57;0;0;8;49;1;10;16;8;14;28;29;3;0;2;1;1;0;0;2;0;0;0;0;0;0;0;0;0;0;0;0;0;0;0;0;0;0
311460;2015;MUNICIPIO;40;0;0;3;37;0;7;12;4;14;26;14;1;0;0;0;0;0;0;0;0;0;0;0;0;0;0;0;0;0;0;0;0;0;0;0;0;0
311470;2015;MUNICIPIO;23;0;0;2;21;0;1;8;5;7;17;6;0;0;0;0;0;0;0;0;0;0;0;0;0;0;0;0;0;0;0;0;0;0;0;0;0;0
311480;2015;MUNICIPIO;30;0;0;3;27;1;8;11;1;6;20;10;1;0;0;0;0;1;0;0;0;0;0;0;0;0;0;0;0;0;0;0;0;0;0;0;0;0
311490;2015;MUNICIPIO;24;0;0;0;24;1;5;8;5;5;12;12;0;0;0;0;0;1;0;0;0;0;0;0;0;0;0;0;0;0;0;0;0;0;0;0;0;0
311500;2015;MUNICIPIO;20;0;0;2;18;1;4;7;4;2;12;8;0;0;0;0;0;0;0;0;0;0;0;0;0;0;0;0;0;0;0;0;0;0;0;0;0;0
311510;2015;MUNICIPIO;152;0;0;7;145;21;19;26;25;54;86;66;6;0;4;3;1;3;0;4;0;0;0;0;0;0;0;0;0;0;0;0;0;0;0;0;0;0
311520;2015;MUNICIPIO;28;0;0;3;25;0;5;13;2;5;16;12;1;0;0;0;0;0;0;0;0;0;0;0;0;0;0;0;0;0;0;0;0;0;0;0;0;0
311530;2015;MUNICIPIO;556;0;0;36;520;14;85;195;83;143;307;249;19;0;7;5;2;3;0;3;0;0;0;0;1;0;0;0;1;0;1;1;0;0;0;0;0;0
311535;2015;MUNICIPIO;34;0;0;3;31;1;10;5;6;9;20;14;4;0;0;0;0;0;0;0;0;0;0;0;1;0;0;0;1;0;1;1;0;0;0;1;0;0
311540;2015;MUNICIPIO;21;0;0;0;21;0;2;11;1;7;10;11;1;0;0;0;0;0;0;0;0;0;0;0;0;0;0;0;0;0;0;0;0;0;0;0;0;0
311545;2015;MUNICIPIO;82;0;0;11;71;3;15;21;2;30;50;32;6;0;2;2;0;1;0;0;0;0;2;0;0;0;0;0;0;0;0;0;0;0;0;0;0;0
311547;2015;MUNICIPIO;28;0;0;6;22;3;3;8;2;6;17;11;1;0;0;0;0;0;0;0;0;0;0;0;0;0;0;0;0;0;0;0;0;0;0;0;0;0
311550;2015;MUNICIPIO;189;0;0;6;183;7;28;66;26;56;110;79;5;0;1;1;0;4;0;0;0;0;1;0;0;0;0;0;0;0;0;0;0;0;0;0;0;0
311560;2015;MUNICIPIO;6;0;0;1;5;1;2;1;1;0;1;5;0;0;0;0;0;0;0;0;0;0;0;0;0;0;0;0;0;0;0;0;0;0;0;0;0;0
311570;2015;MUNICIPIO;61;0;0;11;50;1;10;19;5;15;35;26;4;0;1;1;0;0;0;0;0;0;1;0;0;0;0;0;0;0;0;0;0;0;0;0;0;0
311580;2015;MUNICIPIO;79;0;0;7;72;2;12;27;9;22;40;39;6;0;0;0;0;1;0;0;0;0;0;0;0;0;0;0;0;0;0;0;0;0;0;0;0;0
311590;2015;MUNICIPIO;17;0;0;0;17;2;2;2;3;8;11;5;3;0;0;0;0;0;0;0;0;0;0;0;0;0;0;0;0;0;0;0;0;0;0;0;0;0
311600;2015;MUNICIPIO;42;0;0;4;38;1;6;13;6;12;23;19;2;0;0;0;0;0;0;0;0;0;0;0;0;0;0;0;0;0;0;0;0;0;0;0;0;0
311610;2015;MUNICIPIO;69;0;0;0;69;13;8;9;5;34;28;41;3;0;2;2;0;1;0;0;0;0;1;0;0;0;0;0;0;0;0;0;0;0;0;0;0;0
311615;2015;MUNICIPIO;43;0;0;2;41;2;2;11;5;21;27;16;0;0;1;1;0;3;0;0;0;0;1;0;0;0;0;0;0;0;0;0;0;0;0;0;0;0
311620;2015;MUNICIPIO;27;0;0;1;26;2;6;5;5;8;13;13;1;0;0;0;0;0;0;0;0;0;0;0;0;0;0;0;0;0;0;0;0;0;0;0;0;0
311630;2015;MUNICIPIO;67;0;0;4;63;0;6;21;12;24;32;35;5;0;1;0;1;0;0;1;0;0;0;0;0;0;0;0;0;0;0;0;0;0;0;0;0;0
311640;2015;MUNICIPIO;13;0;0;0;13;3;0;2;2;6;9;4;0;0;0;0;0;0;0;0;0;0;0;0;0;0;0;0;0;0;0;0;0;0;0;0;0;0
311650;2015;MUNICIPIO;53;0;0;6;47;8;12;8;8;11;33;20;3;0;1;0;1;1;0;1;0;0;0;0;0;0;0;0;0;0;0;0;0;0;0;0;0;0
311660;2015;MUNICIPIO;190;0;0;25;165;3;37;50;27;48;114;76;9;0;3;3;0;1;0;0;1;0;2;0;0;0;0;0;0;0;0;0;0;0;0;0;0;0
311670;2015;MUNICIPIO;57;0;0;9;48;1;9;17;4;17;33;24;2;0;1;1;0;1;0;0;0;0;0;0;0;0;0;0;0;0;0;0;0;0;0;0;0;0
311680;2015;MUNICIPIO;60;0;0;13;47;1;7;11;2;26;33;27;2;0;0;0;0;1;0;0;0;0;0;0;0;0;0;0;0;0;0;0;0;0;0;0;0;0
311690;2015;MUNICIPIO;10;0;0;2;8;0;1;3;3;1;5;5;2;0;0;0;0;0;0;0;0;0;0;0;0;0;0;0;0;0;0;0;0;0;0;0;0;0
311700;2015;MUNICIPIO;43;0;0;5;38;1;8;10;2;17;27;16;0;0;0;0;0;1;0;0;0;0;0;0;0;0;0;0;0;0;0;0;0;0;0;0;0;0
311710;2015;MUNICIPIO;74;0;0;6;68;2;10;25;10;21;39;35;4;0;1;1;0;0;0;1;0;0;0;0;0;0;0;0;0;0;0;0;0;0;0;0;0;0
311720;2015;MUNICIPIO;29;0;0;1;28;2;7;8;4;7;21;8;1;0;1;0;1;0;0;1;0;0;0;0;0;0;0;0;0;0;0;0;0;0;0;0;0;0
311730;2015;MUNICIPIO;143;0;0;14;129;15;21;36;14;43;81;62;12;0;2;1;1;1;0;1;0;0;1;0;0;0;0;0;0;0;0;0;0;0;0;0;0;0
311740;2015;MUNICIPIO;26;0;0;1;25;3;5;9;5;3;11;15;0;0;0;0;0;0;0;0;0;0;0;0;0;0;0;0;0;0;0;0;0;0;0;0;0;0
311750;2015;MUNICIPIO;101;0;0;6;95;5;17;32;11;30;54;47;3;0;1;1;0;0;0;0;0;0;1;0;0;0;0;0;0;0;0;0;0;0;0;0;0;0
311760;2015;MUNICIPIO;37;0;0;6;31;1;6;13;5;6;22;15;3;0;1;1;0;0;0;1;0;0;0;0;0;0;0;0;0;0;0;0;0;0;0;0;0;0
311770;2015;MUNICIPIO;111;0;0;0;111;1;20;45;8;37;57;54;5;0;2;1;1;0;1;1;0;0;0;0;1;1;0;0;0;0;1;1;0;0;0;0;0;0
311780;2015;MUNICIPIO;54;0;0;4;50;3;12;10;11;14;42;12;0;0;0;0;0;0;0;0;0;0;0;0;0;0;0;0;0;0;0;0;0;0;0;0;0;0
311783;2015;MUNICIPIO;41;0;0;3;38;1;8;11;3;15;24;17;2;0;0;0;0;0;0;0;0;0;0;0;0;0;0;0;0;0;0;0;0;0;0;0;0;0
311787;2015;MUNICIPIO;32;0;0;1;31;2;8;5;5;11;17;15;4;0;2;2;0;0;0;0;0;0;2;0;0;0;0;0;0;0;0;0;0;0;0;0;0;0
311790;2015;MUNICIPIO;74;0;0;9;65;0;16;12;16;21;45;29;2;0;1;1;0;2;0;0;1;0;0;0;0;0;0;0;0;0;0;0;0;0;0;0;0;0
311800;2015;MUNICIPIO;326;0;0;53;273;7;53;104;25;84;173;153;20;0;4;2;2;3;0;3;0;0;1;0;0;0;0;0;0;0;0;0;0;0;0;0;0;0
311810;2015;MUNICIPIO;31;0;0;1;30;2;7;12;2;7;20;11;1;0;1;1;0;1;0;0;0;0;0;0;1;0;1;0;0;0;1;1;0;0;0;0;0;0
311820;2015;MUNICIPIO;63;0;0;3;60;7;10;13;9;21;33;30;2;0;2;2;0;1;0;2;0;0;0;0;0;0;0;0;0;0;0;0;0;0;0;0;0;0
311830;2015;MUNICIPIO;815;0;0;72;743;26;150;264;76;227;410;405;46;0;14;13;1;2;0;5;0;0;7;0;2;0;0;0;1;1;1;1;0;0;0;0;0;0
311840;2015;MUNICIPIO;168;0;0;14;154;0;21;45;31;57;91;77;5;0;1;1;0;1;0;0;0;0;1;0;0;0;0;0;0;0;0;0;0;0;0;0;0;0
311850;2015;MUNICIPIO;9;0;0;0;9;1;2;0;3;3;6;3;0;0;0;0;0;0;0;0;0;0;0;0;0;0;0;0;0;0;0;0;0;0;0;0;0;0
311860;2015;MUNICIPIO;3426;0;0;541;2885;124;626;828;346;961;1978;1448;211;0;66;56;10;29;1;22;2;0;38;0;14;1;1;3;5;4;10;8;0;2;1;4;0;2
311870;2015;MUNICIPIO;63;0;0;3;60;1;12;18;9;20;30;33;2;0;1;1;0;1;0;0;0;0;1;0;0;0;0;0;0;0;0;0;0;0;0;0;0;0
311880;2015;MUNICIPIO;169;0;0;18;151;12;23;24;18;74;96;73;7;0;5;5;0;0;0;2;0;0;1;0;0;0;0;0;0;0;0;0;0;0;0;0;0;0
311890;2015;MUNICIPIO;64;0;0;9;55;3;9;13;8;22;42;22;1;0;3;3;0;0;0;0;0;0;1;0;0;0;0;0;0;0;0;0;0;0;0;0;0;0
311900;2015;MUNICIPIO;31;0;0;4;27;0;5;8;3;11;24;7;1;0;1;1;0;0;0;1;0;0;0;0;0;0;0;0;0;0;0;0;0;0;0;0;0;0
311910;2015;MUNICIPIO;199;0;0;21;178;8;30;62;23;55;120;79;7;0;3;2;1;0;0;0;0;0;3;0;0;0;0;0;0;0;0;0;0;0;0;0;0;0
311920;2015;MUNICIPIO;59;0;0;6;53;2;5;15;10;21;36;23;3;0;0;0;0;0;0;0;0;0;0;0;0;0;0;0;0;0;0;0;0;0;0;0;0;0
311930;2015;MUNICIPIO;178;0;0;13;165;17;32;49;18;49;96;82;12;0;5;5;0;1;0;5;0;0;0;0;0;0;0;0;0;0;0;0;0;0;0;0;0;0
311940;2015;MUNICIPIO;643;0;0;90;553;47;125;163;76;142;369;273;28;0;4;4;0;6;1;0;0;0;0;0;1;1;0;0;0;0;1;0;1;0;0;0;0;0
311950;2015;MUNICIPIO;67;0;0;6;61;1;7;15;6;32;41;26;2;0;1;1;0;0;0;1;0;0;0;0;0;0;0;0;0;0;0;0;0;0;0;0;0;0
311960;2015;MUNICIPIO;21;0;0;0;21;0;5;5;4;7;9;12;2;0;0;0;0;0;0;0;0;0;0;0;0;0;0;0;0;0;0;0;0;0;0;0;0;0
311970;2015;MUNICIPIO;29;0;0;1;28;1;5;12;4;6;21;8;0;0;0;0;0;0;0;0;0;0;0;0;0;0;0;0;0;0;0;0;0;0;0;0;0;0
311980;2015;MUNICIPIO;18;0;0;1;17;1;2;3;0;11;7;11;0;0;0;0;0;0;0;0;0;0;0;0;0;0;0;0;0;0;0;0;0;0;0;0;0;0
311990;2015;MUNICIPIO;29;0;0;1;28;1;7;10;5;5;17;12;2;0;0;0;0;0;0;0;0;0;0;0;0;0;0;0;0;0;0;0;0;0;0;0;0;0
311995;2015;MUNICIPIO;31;0;0;3;28;1;3;7;9;8;19;12;3;0;0;0;0;0;0;0;0;0;0;0;0;0;0;0;0;0;0;0;0;0;0;0;0;0
312000;2015;MUNICIPIO;20;0;0;1;19;2;3;9;1;4;12;8;0;0;0;0;0;0;0;0;0;0;0;0;0;0;0;0;0;0;0;0;0;0;0;0;0;0
312010;2015;MUNICIPIO;39;0;0;5;34;1;5;8;10;10;24;15;3;0;1;0;1;0;0;0;0;0;1;0;0;0;0;0;0;0;0;0;0;0;0;0;0;0
312015;2015;MUNICIPIO;52;0;0;5;47;3;10;16;5;13;24;28;7;0;3;3;0;0;0;0;0;0;3;0;0;0;0;0;0;0;0;0;0;0;0;0;0;0
312020;2015;MUNICIPIO;72;0;0;3;69;0;8;27;16;18;36;36;1;0;1;1;0;1;0;1;0;0;0;0;0;0;0;0;0;0;0;0;0;0;0;0;0;0
312030;2015;MUNICIPIO;32;0;0;2;30;2;4;10;1;13;15;17;3;0;0;0;0;0;0;0;0;0;0;0;1;0;0;1;0;0;1;1;0;0;0;0;0;1
312040;2015;MUNICIPIO;31;0;0;3;28;0;3;10;2;13;14;17;3;0;1;1;0;0;0;1;0;0;0;0;0;0;0;0;0;0;0;0;0;0;0;0;0;0
312050;2015;MUNICIPIO;75;0;0;4;71;2;13;20;9;27;38;37;3;0;0;0;0;0;0;0;0;0;0;0;0;0;0;0;0;0;0;0;0;0;0;0;0;0
312060;2015;MUNICIPIO;50;0;0;1;49;2;6;8;9;24;25;25;1;0;0;0;0;1;0;0;0;0;0;0;0;0;0;0;0;0;0;0;0;0;0;0;0;0
312070;2015;MUNICIPIO;20;0;0;2;18;1;3;5;4;5;15;5;1;0;0;0;0;0;0;0;0;0;0;0;0;0;0;0;0;0;0;0;0;0;0;0;0;0
312080;2015;MUNICIPIO;120;0;0;10;110;2;22;36;14;36;66;53;9;0;2;1;1;2;0;2;0;0;0;0;0;0;0;0;0;0;0;0;0;0;0;0;0;0
312083;2015;MUNICIPIO;27;0;0;0;27;2;4;6;6;9;14;13;1;0;0;0;0;0;0;0;0;0;0;0;0;0;0;0;0;0;0;0;0;0;0;0;0;0
312087;2015;MUNICIPIO;50;0;0;8;42;1;5;16;5;15;34;16;5;0;2;1;1;0;0;0;0;0;2;0;1;0;0;0;1;0;1;1;0;0;1;0;0;0
312090;2015;MUNICIPIO;537;0;0;72;465;38;84;110;67;166;300;237;21;0;14;12;2;3;0;0;0;0;13;0;0;0;0;0;0;0;0;0;0;0;0;0;0;0
312100;2015;MUNICIPIO;49;0;0;4;45;5;11;12;2;15;33;16;3;0;0;0;0;1;0;0;0;0;0;0;1;0;0;0;0;1;0;0;0;0;0;0;0;0
312110;2015;MUNICIPIO;45;0;0;3;42;0;9;11;12;10;29;16;0;0;1;1;0;0;0;1;0;0;0;0;0;0;0;0;0;0;0;0;0;0;0;0;0;0
312120;2015;MUNICIPIO;30;0;0;0;30;2;7;6;4;11;11;19;1;0;0;0;0;0;0;0;0;0;0;0;0;0;0;0;0;0;0;0;0;0;0;0;0;0
312125;2015;MUNICIPIO;45;0;0;7;38;5;8;6;7;12;27;18;4;0;2;2;0;0;1;1;1;0;0;0;1;1;0;0;0;0;1;1;0;0;1;0;0;0
312130;2015;MUNICIPIO;36;0;0;5;31;1;8;12;1;9;21;14;2;0;0;0;0;0;0;0;0;0;0;0;0;0;0;0;0;0;0;0;0;0;0;0;0;0
312140;2015;MUNICIPIO;63;0;0;5;58;0;10;25;6;17;33;30;1;0;0;0;0;0;0;0;0;0;0;0;0;0;0;0;0;0;0;0;0;0;0;0;0;0
312150;2015;MUNICIPIO;26;0;0;5;21;0;3;8;4;6;19;7;1;0;2;2;0;0;0;2;0;0;0;0;0;0;0;0;0;0;0;0;0;0;0;0;0;0
312160;2015;MUNICIPIO;296;0;0;31;265;14;47;69;16;119;159;137;23;0;6;3;3;4;2;1;2;0;2;0;4;2;0;0;2;0;4;4;0;1;0;3;0;0
312170;2015;MUNICIPIO;22;0;0;1;21;1;2;8;3;7;17;5;0;0;0;0;0;0;0;0;0;0;0;0;0;0;0;0;0;0;0;0;0;0;0;0;0;0
312180;2015;MUNICIPIO;60;0;0;4;56;3;12;24;4;13;38;22;1;0;0;0;0;0;0;0;0;0;0;0;0;0;0;0;0;0;0;0;0;0;0;0;0;0
312190;2015;MUNICIPIO;13;0;0;2;11;0;1;0;3;7;4;9;2;0;0;0;0;0;0;0;0;0;0;0;0;0;0;0;0;0;0;0;0;0;0;0;0;0
312200;2015;MUNICIPIO;156;0;0;18;138;8;18;58;8;46;91;64;7;0;3;2;1;1;0;2;0;0;1;0;0;0;0;0;0;0;0;0;0;0;0;0;0;0
312210;2015;MUNICIPIO;46;0;0;5;41;1;7;14;6;13;21;25;2;0;0;0;0;1;0;0;0;0;0;0;0;0;0;0;0;0;0;0;0;0;0;0;0;0
312220;2015;MUNICIPIO;47;0;0;5;42;0;8;14;0;20;30;17;2;0;1;0;1;0;0;0;0;0;1;0;0;0;0;0;0;0;0;0;0;0;0;0;0;0
312230;2015;MUNICIPIO;1302;0;0;147;1155;53;240;355;133;374;713;589;63;0;19;14;5;6;0;3;1;0;0;0;3;0;0;1;2;0;3;2;0;0;1;0;0;1
312235;2015;MUNICIPIO;37;0;0;4;33;1;4;12;2;14;20;17;6;0;1;1;0;1;0;0;0;0;1;0;0;0;0;0;0;0;0;0;0;0;0;0;0;0
312240;2015;MUNICIPIO;49;0;0;2;47;2;7;14;9;15;36;13;1;0;2;1;1;0;1;1;0;0;1;0;1;1;0;0;0;0;1;1;0;0;0;1;0;0
312245;2015;MUNICIPIO;30;0;0;2;28;1;4;12;3;8;20;10;0;0;0;0;0;0;0;0;0;0;0;0;0;0;0;0;0;0;0;0;0;0;0;0;0;0
312247;2015;MUNICIPIO;22;0;0;0;22;4;1;7;1;9;11;11;3;0;0;0;0;0;0;0;0;0;0;0;0;0;0;0;0;0;0;0;0;0;0;0;0;0
312250;2015;MUNICIPIO;45;0;0;9;36;0;6;14;8;8;26;19;1;0;0;0;0;0;0;0;0;0;0;0;0;0;0;0;0;0;0;0;0;0;0;0;0;0
312260;2015;MUNICIPIO;31;0;0;1;30;0;4;9;6;11;17;14;4;0;0;0;0;0;0;0;0;0;0;0;0;0;0;0;0;0;0;0;0;0;0;0;0;0
312270;2015;MUNICIPIO;38;0;0;2;36;4;6;12;7;7;20;18;0;0;0;0;0;0;0;0;0;0;0;0;0;0;0;0;0;0;0;0;0;0;0;0;0;0
312280;2015;MUNICIPIO;24;0;0;1;23;0;4;3;3;13;16;8;2;0;0;0;0;0;0;0;0;0;0;0;0;0;0;0;0;0;0;0;0;0;0;0;0;0
312290;2015;MUNICIPIO;46;0;0;4;42;3;9;12;9;9;21;25;6;0;2;1;1;0;0;2;0;0;0;0;0;0;0;0;0;0;0;0;0;0;0;0;0;0
312300;2015;MUNICIPIO;65;0;0;4;61;1;7;26;7;20;39;26;2;0;0;0;0;1;0;0;0;0;0;0;0;0;0;0;0;0;0;0;0;0;0;0;0;0
312310;2015;MUNICIPIO;24;0;0;2;22;1;4;8;3;6;11;13;1;0;1;1;0;0;0;0;0;0;1;0;0;0;0;0;0;0;0;0;0;0;0;0;0;0
312320;2015;MUNICIPIO;132;0;0;11;121;9;17;41;8;46;68;64;5;0;2;1;1;0;1;0;0;0;1;0;1;1;0;0;0;0;1;0;0;0;0;0;0;1
312330;2015;MUNICIPIO;39;0;0;3;36;0;8;7;7;14;25;14;3;0;1;1;0;0;0;0;0;0;1;0;0;0;0;0;0;0;0;0;0;0;0;0;0;0
312340;2015;MUNICIPIO;8;0;0;2;6;1;1;1;1;2;5;3;1;0;0;0;0;0;0;0;0;0;0;0;0;0;0;0;0;0;0;0;0;0;0;0;0;0
312350;2015;MUNICIPIO;10;0;0;0;10;1;3;2;2;2;4;6;1;0;0;0;0;0;0;0;0;0;0;0;0;0;0;0;0;0;0;0;0;0;0;0;0;0
312352;2015;MUNICIPIO;37;0;0;3;34;2;6;10;4;12;18;19;1;0;1;1;0;0;0;0;0;0;1;0;0;0;0;0;0;0;0;0;0;0;0;0;0;0
312360;2015;MUNICIPIO;177;0;0;23;154;10;27;43;19;55;108;69;7;0;1;1;0;2;0;1;0;0;0;0;0;0;0;0;0;0;0;0;0;0;0;0;0;0
312370;2015;MUNICIPIO;76;0;0;9;67;5;12;17;10;23;37;39;3;0;0;0;0;1;0;0;0;0;0;0;0;0;0;0;0;0;0;0;0;0;0;0;0;0
312380;2015;MUNICIPIO;43;0;0;3;40;2;2;16;5;15;29;14;1;0;1;1;0;0;0;0;0;0;1;0;0;0;0;0;0;0;0;0;0;0;0;0;0;0
312385;2015;MUNICIPIO;51;0;0;6;45;1;11;14;6;13;26;25;2;0;2;2;0;0;0;2;0;0;0;0;0;0;0;0;0;0;0;0;0;0;0;0;0;0
312390;2015;MUNICIPIO;127;0;0;6;121;6;21;34;21;39;74;53;7;0;1;1;0;0;0;1;0;0;0;0;0;0;0;0;0;0;0;0;0;0;0;0;0;0
312400;2015;MUNICIPIO;96;0;0;6;90;2;14;30;12;32;44;52;7;0;0;0;0;1;0;0;0;0;0;0;1;0;0;0;1;0;1;1;0;1;0;0;0;0
312410;2015;MUNICIPIO;342;0;0;63;279;10;42;72;41;114;204;137;22;0;5;4;1;1;0;0;0;0;2;0;0;0;0;0;0;0;0;0;0;0;0;0;0;0
312420;2015;MUNICIPIO;161;0;0;8;153;11;25;53;19;45;100;61;8;0;1;1;0;1;0;1;0;0;0;0;0;0;0;0;0;0;0;0;0;0;0;0;0;0
312430;2015;MUNICIPIO;174;0;0;19;155;11;20;21;28;75;108;66;10;0;3;3;0;0;0;1;0;0;2;0;0;0;0;0;0;0;0;0;0;0;0;0;0;0
312440;2015;MUNICIPIO;42;0;0;4;38;2;5;10;8;13;28;14;0;0;0;0;0;0;0;0;0;0;0;0;0;0;0;0;0;0;0;0;0;0;0;0;0;0
312450;2015;MUNICIPIO;71;0;0;1;70;1;13;20;12;24;48;23;1;0;1;1;0;0;0;1;0;0;0;0;0;0;0;0;0;0;0;0;0;0;0;0;0;0
312460;2015;MUNICIPIO;28;0;0;4;24;2;4;8;4;6;20;8;1;0;0;0;0;1;0;0;0;0;0;0;0;0;0;0;0;0;0;0;0;0;0;0;0;0
312470;2015;MUNICIPIO;22;0;0;3;19;0;3;7;1;8;9;13;2;0;0;0;0;0;0;0;0;0;0;0;0;0;0;0;0;0;0;0;0;0;0;0;0;0
312480;2015;MUNICIPIO;44;0;0;2;42;3;8;16;5;10;24;20;3;0;0;0;0;0;0;0;0;0;0;0;0;0;0;0;0;0;0;0;0;0;0;0;0;0
312490;2015;MUNICIPIO;83;0;0;6;77;1;21;22;16;17;48;35;1;0;0;0;0;0;0;0;0;0;0;0;0;0;0;0;0;0;0;0;0;0;0;0;0;0
312500;2015;MUNICIPIO;39;0;0;6;33;2;4;14;3;10;25;14;2;0;0;0;0;0;0;0;0;0;0;0;0;0;0;0;0;0;0;0;0;0;0;0;0;0
312510;2015;MUNICIPIO;184;0;0;22;162;10;28;52;34;38;97;87;11;0;1;1;0;3;0;1;0;0;0;0;0;0;0;0;0;0;0;0;0;0;0;0;0;0
312520;2015;MUNICIPIO;20;0;0;1;19;1;1;8;5;4;7;13;2;0;0;0;0;0;0;0;0;0;0;0;0;0;0;0;0;0;0;0;0;0;0;0;0;0
312530;2015;MUNICIPIO;27;0;0;7;20;2;5;3;5;5;15;12;1;0;0;0;0;0;0;0;0;0;0;0;0;0;0;0;0;0;0;0;0;0;0;0;0;0
312540;2015;MUNICIPIO;38;0;0;2;36;5;7;5;8;11;24;14;1;0;0;0;0;1;0;0;0;0;0;0;0;0;0;0;0;0;0;0;0;0;0;0;0;0
312550;2015;MUNICIPIO;17;0;0;0;17;2;0;7;1;7;11;6;0;0;0;0;0;0;0;0;0;0;0;0;0;0;0;0;0;0;0;0;0;0;0;0;0;0
312560;2015;MUNICIPIO;51;0;0;8;43;0;9;9;2;23;35;16;1;0;4;4;0;0;0;0;0;0;4;0;0;0;0;0;0;0;0;0;0;0;0;0;0;0
312570;2015;MUNICIPIO;105;0;0;10;95;7;12;20;14;42;58;47;7;0;0;0;0;1;0;0;0;0;0;0;1;0;1;0;0;0;1;1;0;1;0;0;0;0
312580;2015;MUNICIPIO;17;0;0;2;15;0;3;4;2;6;8;9;1;0;0;0;0;0;0;0;0;0;0;0;0;0;0;0;0;0;0;0;0;0;0;0;0;0
312590;2015;MUNICIPIO;77;0;0;8;69;4;14;19;8;24;49;28;1;0;0;0;0;0;0;0;0;0;0;0;0;0;0;0;0;0;0;0;0;0;0;0;0;0
312595;2015;MUNICIPIO;66;0;0;12;54;1;14;19;7;13;43;23;3;0;0;0;0;0;0;0;0;0;0;0;1;0;0;0;0;1;0;0;0;0;0;0;0;0
312600;2015;MUNICIPIO;45;0;0;0;45;1;8;12;9;15;22;23;0;0;1;1;0;1;0;0;0;0;1;0;0;0;0;0;0;0;0;0;0;0;0;0;0;0
312610;2015;MUNICIPIO;523;0;0;30;493;30;75;152;93;143;279;244;21;0;7;6;1;3;1;5;1;0;1;0;2;1;0;0;1;0;2;2;0;0;0;2;0;0
312620;2015;MUNICIPIO;31;0;0;6;25;3;6;6;6;4;14;17;3;0;0;0;0;0;0;0;0;0;0;0;0;0;0;0;0;0;0;0;0;0;0;0;0;0
312630;2015;MUNICIPIO;20;0;0;3;17;0;2;6;4;5;9;11;1;0;0;0;0;1;0;0;0;0;0;0;0;0;0;0;0;0;0;0;0;0;0;0;0;0
312640;2015;MUNICIPIO;22;0;0;0;22;2;5;7;3;5;15;7;1;0;1;1;0;0;0;0;0;0;0;0;0;0;0;0;0;0;0;0;0;0;0;0;0;0
312650;2015;MUNICIPIO;71;0;0;6;65;14;7;23;7;14;37;34;2;0;1;1;0;0;1;0;0;0;0;0;1;1;0;0;0;0;1;1;1;0;0;0;0;0
312660;2015;MUNICIPIO;30;0;0;1;29;0;9;8;1;11;16;14;2;0;0;0;0;0;0;0;0;0;0;0;0;0;0;0;0;0;0;0;0;0;0;0;0;0
312670;2015;MUNICIPIO;160;0;0;16;144;12;22;32;23;55;105;55;10;0;4;1;3;1;0;1;0;0;2;0;0;0;0;0;0;0;0;0;0;0;0;0;0;0
312675;2015;MUNICIPIO;39;0;0;4;35;0;6;9;5;15;20;19;1;0;1;0;1;0;0;0;0;0;1;0;0;0;0;0;0;0;0;0;0;0;0;0;0;0
312680;2015;MUNICIPIO;43;0;0;6;37;1;4;11;2;19;25;18;2;0;0;0;0;1;0;0;0;0;0;0;0;0;0;0;0;0;0;0;0;0;0;0;0;0
312690;2015;MUNICIPIO;72;0;0;5;67;4;6;21;10;26;41;31;3;0;3;1;2;0;0;0;0;0;3;0;0;0;0;0;0;0;0;0;0;0;0;0;0;0
312695;2015;MUNICIPIO;9;0;0;3;6;0;0;4;0;2;4;5;0;0;0;0;0;0;0;0;0;0;0;0;0;0;0;0;0;0;0;0;0;0;0;0;0;0
312700;2015;MUNICIPIO;77;0;0;10;67;7;8;24;7;21;46;31;4;0;0;0;0;0;0;0;0;0;0;0;0;0;0;0;0;0;0;0;0;0;0;0;0;0
312705;2015;MUNICIPIO;33;0;0;2;31;1;4;17;2;7;18;15;0;0;0;0;0;0;0;0;0;0;0;0;0;0;0;0;0;0;0;0;0;0;0;0;0;0
312707;2015;MUNICIPIO;49;0;0;5;44;9;3;13;6;13;30;19;3;0;2;2;0;1;0;0;0;0;1;0;0;0;0;0;0;0;0;0;0;0;0;0;0;0
312710;2015;MUNICIPIO;415;0;0;49;366;26;50;82;54;154;244;171;18;0;4;4;0;3;0;4;0;0;0;0;0;0;0;0;0;0;0;0;0;0;0;0;0;0
312720;2015;MUNICIPIO;28;0;0;4;24;1;7;7;1;8;19;9;0;0;2;1;1;0;0;0;0;0;1;0;0;0;0;0;0;0;0;0;0;0;0;0;0;0
312730;2015;MUNICIPIO;49;0;0;5;44;2;4;12;6;20;26;23;8;0;2;2;0;0;0;0;0;0;2;0;1;0;0;0;0;1;0;0;0;0;0;0;0;0
312733;2015;MUNICIPIO;31;0;0;2;29;6;3;8;2;10;17;14;2;0;2;2;0;0;0;1;0;0;1;0;0;0;0;0;0;0;0;0;0;0;0;0;0;0
312735;2015;MUNICIPIO;14;0;0;2;12;2;1;0;0;9;8;6;1;0;1;1;0;0;1;0;0;0;1;0;1;1;0;0;0;0;1;1;0;0;1;0;0;0
312737;2015;MUNICIPIO;24;0;0;3;21;0;7;6;0;8;17;7;1;0;0;0;0;0;0;0;0;0;0;0;0;0;0;0;0;0;0;0;0;0;0;0;0;0
312738;2015;MUNICIPIO;32;0;0;2;30;0;9;9;2;10;14;17;2;0;0;0;0;0;0;0;0;0;0;0;0;0;0;0;0;0;0;0;0;0;0;0;0;0
312740;2015;MUNICIPIO;31;0;0;1;30;0;5;11;3;11;16;15;2;0;1;1;0;0;0;1;0;0;0;0;0;0;0;0;0;0;0;0;0;0;0;0;0;0
312750;2015;MUNICIPIO;33;0;0;4;29;1;6;10;4;8;21;12;0;0;1;0;1;0;0;0;0;0;1;0;0;0;0;0;0;0;0;0;0;0;0;0;0;0
312760;2015;MUNICIPIO;69;0;0;4;65;7;10;16;15;17;29;40;1;0;1;1;0;3;0;0;0;0;1;0;0;0;0;0;0;0;0;0;0;0;0;0;0;0
312770;2015;MUNICIPIO;1958;0;0;273;1685;67;328;443;204;643;1092;866;108;0;35;15;20;24;0;5;0;0;29;0;3;0;0;0;1;2;1;1;0;0;0;0;0;1
312780;2015;MUNICIPIO;68;0;0;5;63;6;6;12;7;32;42;26;4;0;1;1;0;0;0;0;0;0;1;0;0;0;0;0;0;0;0;0;0;0;0;0;0;0
312790;2015;MUNICIPIO;6;0;0;0;6;1;2;1;1;1;4;2;0;0;0;0;0;0;0;0;0;0;0;0;0;0;0;0;0;0;0;0;0;0;0;0;0;0
312800;2015;MUNICIPIO;191;0;0;20;171;6;36;58;29;42;92;99;9;0;2;2;0;0;0;1;0;0;1;0;0;0;0;0;0;0;0;0;0;0;0;0;0;0
312810;2015;MUNICIPIO;92;0;0;8;84;3;18;22;14;27;56;36;4;0;3;3;0;0;0;1;0;0;2;0;0;0;0;0;0;0;0;0;0;0;0;0;0;0
312820;2015;MUNICIPIO;78;0;0;4;74;2;11;23;18;20;43;35;4;0;0;0;0;0;0;0;0;0;0;0;0;0;0;0;0;0;0;0;0;0;0;0;0;0
312825;2015;MUNICIPIO;30;0;0;4;26;3;2;10;2;9;13;17;2;0;3;1;2;0;0;1;0;0;2;0;0;0;0;0;0;0;0;0;0;0;0;0;0;0
312830;2015;MUNICIPIO;151;0;0;8;143;15;29;38;22;39;90;61;8;0;0;0;0;1;0;0;0;0;0;0;0;0;0;0;0;0;0;0;0;0;0;0;0;0
312840;2015;MUNICIPIO;72;0;0;6;66;1;19;13;10;23;38;34;3;0;1;0;1;0;0;1;0;0;0;0;0;0;0;0;0;0;0;0;0;0;0;0;0;0
312850;2015;MUNICIPIO;23;0;0;2;21;1;2;6;4;8;12;11;1;0;0;0;0;2;0;0;0;0;0;0;0;0;0;0;0;0;0;0;0;0;0;0;0;0
312860;2015;MUNICIPIO;28;0;0;3;25;0;2;9;4;10;15;13;2;0;0;0;0;1;0;0;0;0;0;0;0;0;0;0;0;0;0;0;0;0;0;0;0;0
312870;2015;MUNICIPIO;382;0;0;28;354;16;57;129;64;88;221;161;17;0;5;3;2;5;0;2;0;0;1;0;3;0;0;0;3;0;3;3;0;1;1;0;0;0
312880;2015;MUNICIPIO;63;0;0;5;58;0;9;14;6;29;31;32;1;0;2;1;1;0;0;1;0;0;0;0;0;0;0;0;0;0;0;0;0;0;0;0;0;0
312890;2015;MUNICIPIO;36;0;0;1;35;4;6;9;5;11;21;15;2;0;1;1;0;0;0;1;0;0;0;0;0;0;0;0;0;0;0;0;0;0;0;0;0;0
312900;2015;MUNICIPIO;63;0;0;6;57;2;7;25;9;14;32;31;1;0;0;0;0;0;0;0;0;0;0;0;0;0;0;0;0;0;0;0;0;0;0;0;0;0
312910;2015;MUNICIPIO;36;0;0;2;34;2;1;14;5;12;24;12;1;0;0;0;0;0;0;0;0;0;0;0;0;0;0;0;0;0;0;0;0;0;0;0;0;0
312920;2015;MUNICIPIO;52;0;0;1;51;1;7;9;9;25;29;23;2;0;0;0;0;0;0;0;0;0;0;0;0;0;0;0;0;0;0;0;0;0;0;0;0;0
312930;2015;MUNICIPIO;62;0;0;6;56;4;10;15;9;18;36;26;1;0;1;1;0;0;0;0;0;0;0;0;0;0;0;0;0;0;0;0;0;0;0;0;0;0
312940;2015;MUNICIPIO;48;0;0;2;46;1;7;19;10;9;30;18;2;0;0;0;0;0;0;0;0;0;0;0;0;0;0;0;0;0;0;0;0;0;0;0;0;0
312950;2015;MUNICIPIO;147;0;0;17;130;7;20;41;21;41;82;65;7;0;2;1;1;2;0;1;0;0;1;0;1;0;0;0;1;0;1;0;0;0;0;0;0;0
312960;2015;MUNICIPIO;43;0;0;5;38;3;5;13;5;12;18;25;5;0;0;0;0;0;0;0;0;0;0;0;0;0;0;0;0;0;0;0;0;0;0;0;0;0
312965;2015;MUNICIPIO;43;0;0;4;39;2;3;6;4;24;20;23;2;0;1;1;0;0;0;0;0;0;1;0;0;0;0;0;0;0;0;0;0;0;0;0;0;0
312970;2015;MUNICIPIO;64;0;0;5;59;5;6;20;4;24;40;24;5;0;1;1;0;0;0;1;0;0;0;0;0;0;0;0;0;0;0;0;0;0;0;0;0;0
312980;2015;MUNICIPIO;766;0;0;111;655;35;123;148;74;275;443;323;59;0;23;17;6;3;0;6;1;0;14;0;1;0;0;0;1;0;1;1;0;0;0;0;0;0
312990;2015;MUNICIPIO;26;0;0;1;25;1;2;7;1;14;17;9;0;0;0;0;0;0;0;0;0;0;0;0;0;0;0;0;0;0;0;0;0;0;0;0;0;0
313000;2015;MUNICIPIO;23;0;0;2;21;0;3;4;2;12;12;11;1;0;1;1;0;1;0;0;0;0;0;0;1;0;0;0;1;0;1;1;0;0;0;0;0;0
313005;2015;MUNICIPIO;67;0;0;4;63;11;5;20;6;21;38;29;4;0;2;2;0;3;0;1;0;0;0;0;0;0;0;0;0;0;0;0;0;0;0;0;0;0
313010;2015;MUNICIPIO;206;0;0;56;150;3;18;37;16;76;144;62;9;0;6;5;1;2;0;2;0;0;3;0;1;0;0;0;0;1;0;0;0;0;0;0;0;0
313020;2015;MUNICIPIO;62;0;0;8;54;6;12;15;7;14;32;30;4;0;1;1;0;0;0;0;0;0;1;0;1;0;0;1;0;0;1;0;0;1;0;0;0;0
313030;2015;MUNICIPIO;69;0;0;6;63;7;10;19;10;17;34;35;1;0;0;0;0;1;0;0;0;0;0;0;0;0;0;0;0;0;0;0;0;0;0;0;0;0
313040;2015;MUNICIPIO;37;0;0;0;37;3;6;10;6;12;19;18;3;0;0;0;0;2;0;0;0;0;0;0;0;0;0;0;0;0;0;0;0;0;0;0;0;0
313050;2015;MUNICIPIO;83;0;0;8;75;1;17;23;13;21;54;29;2;0;0;0;0;0;0;0;0;0;0;0;0;0;0;0;0;0;0;0;0;0;0;0;0;0
313055;2015;MUNICIPIO;44;0;0;5;39;3;7;14;6;9;29;15;4;0;2;1;1;0;0;1;0;0;1;0;0;0;0;0;0;0;0;0;0;0;0;0;0;0
313060;2015;MUNICIPIO;47;0;0;3;44;1;11;11;5;16;26;21;1;0;0;0;0;0;0;0;0;0;0;0;0;0;0;0;0;0;0;0;0;0;0;0;0;0
313065;2015;MUNICIPIO;27;0;0;5;22;1;5;1;7;8;17;10;0;0;0;0;0;0;0;0;0;0;0;0;0;0;0;0;0;0;0;0;0;0;0;0;0;0
313070;2015;MUNICIPIO;20;0;0;3;17;1;3;7;2;4;12;8;5;0;2;1;1;0;0;1;0;0;1;0;0;0;0;0;0;0;0;0;0;0;0;0;0;0
313080;2015;MUNICIPIO;12;0;0;0;12;0;3;3;1;5;7;5;1;0;1;1;0;1;0;0;0;0;1;0;0;0;0;0;0;0;0;0;0;0;0;0;0;0
313090;2015;MUNICIPIO;159;0;0;15;144;16;29;38;22;39;89;70;8;0;2;2;0;0;0;1;0;0;0;0;0;0;0;0;0;0;0;0;0;0;0;0;0;0
313100;2015;MUNICIPIO;36;0;0;2;34;2;9;5;4;14;17;19;4;0;0;0;0;0;0;0;0;0;0;0;0;0;0;0;0;0;0;0;0;0;0;0;0;0
313110;2015;MUNICIPIO;56;0;0;0;56;1;9;13;10;23;28;28;6;0;3;3;0;0;1;0;0;0;3;0;2;1;0;0;1;0;2;2;0;0;1;0;0;1
313115;2015;MUNICIPIO;110;0;0;23;87;5;12;33;13;24;67;43;4;0;2;2;0;0;0;0;0;0;0;0;0;0;0;0;0;0;0;0;0;0;0;0;0;0
313120;2015;MUNICIPIO;156;0;0;13;143;13;22;50;16;42;85;71;5;0;3;3;0;0;0;0;0;0;2;0;3;0;0;0;3;0;3;2;0;1;1;0;0;0
313130;2015;MUNICIPIO;1329;0;0;144;1185;68;295;296;211;315;759;570;57;0;25;21;4;10;0;6;0;0;1;0;3;0;0;0;2;1;2;2;0;0;1;0;0;0
313140;2015;MUNICIPIO;45;0;0;5;40;1;6;11;7;15;24;21;3;0;0;0;0;0;0;0;0;0;0;0;0;0;0;0;0;0;0;0;0;0;0;0;0;0
313150;2015;MUNICIPIO;64;0;0;4;60;3;13;19;8;17;35;29;4;0;0;0;0;0;0;0;0;0;0;0;0;0;0;0;0;0;0;0;0;0;0;0;0;0
313160;2015;MUNICIPIO;29;0;0;5;24;0;2;5;3;14;23;6;1;0;2;2;0;1;0;2;0;0;0;0;0;0;0;0;0;0;0;0;0;0;0;0;0;0
313170;2015;MUNICIPIO;660;0;0;80;580;23;110;172;104;171;344;316;48;0;11;9;2;6;0;3;0;0;8;0;0;0;0;0;0;0;0;0;0;0;0;0;0;0
313180;2015;MUNICIPIO;58;0;0;9;49;1;7;17;7;17;32;26;1;0;2;1;1;1;0;1;0;0;1;0;0;0;0;0;0;0;0;0;0;0;0;0;0;0
313190;2015;MUNICIPIO;281;0;0;29;252;9;60;79;39;65;160;121;10;0;1;1;0;3;0;1;0;0;0;0;0;0;0;0;0;0;0;0;0;0;0;0;0;0
313200;2015;MUNICIPIO;12;0;0;3;9;2;1;0;2;4;5;7;0;0;0;0;0;0;0;0;0;0;0;0;0;0;0;0;0;0;0;0;0;0;0;0;0;0
313210;2015;MUNICIPIO;124;0;0;9;115;6;16;24;12;57;66;58;9;0;1;1;0;1;0;0;0;0;1;0;2;0;1;0;1;0;2;2;0;0;0;2;0;0
313220;2015;MUNICIPIO;82;0;0;12;70;1;12;16;13;28;50;32;3;0;5;3;2;0;0;4;0;0;1;0;0;0;0;0;0;0;0;0;0;0;0;0;0;0
313230;2015;MUNICIPIO;104;0;0;17;87;3;14;18;7;45;65;39;3;0;6;4;2;1;0;0;0;0;5;0;0;0;0;0;0;0;0;0;0;0;0;0;0;0
313240;2015;MUNICIPIO;693;0;0;51;642;30;130;193;130;159;396;297;20;0;8;5;3;3;2;8;0;0;0;0;3;2;0;0;0;1;2;0;0;1;0;0;0;0
313250;2015;MUNICIPIO;153;0;0;15;138;15;28;34;14;47;88;65;6;0;5;5;0;3;2;1;0;0;4;0;2;2;0;0;0;0;2;2;0;1;1;0;0;0
313260;2015;MUNICIPIO;24;0;0;1;23;1;6;8;4;4;10;14;2;0;0;0;0;1;0;0;0;0;0;0;0;0;0;0;0;0;0;0;0;0;0;0;0;0
313270;2015;MUNICIPIO;180;0;0;12;168;10;21;58;14;65;91;89;10;0;4;3;1;0;0;0;0;0;4;0;0;0;0;0;0;0;0;0;0;0;0;0;0;0
313280;2015;MUNICIPIO;9;0;0;1;8;0;3;2;3;0;6;3;0;0;0;0;0;0;0;0;0;0;0;0;0;0;0;0;0;0;0;0;0;0;0;0;0;0
313290;2015;MUNICIPIO;94;0;0;1;93;2;17;35;14;25;46;48;4;0;1;1;0;0;0;1;0;0;0;0;0;0;0;0;0;0;0;0;0;0;0;0;0;0
313300;2015;MUNICIPIO;91;0;0;7;84;2;21;29;3;29;52;39;2;0;1;1;0;0;0;0;0;0;1;0;0;0;0;0;0;0;0;0;0;0;0;0;0;0
313310;2015;MUNICIPIO;108;0;0;6;102;0;20;44;13;25;59;49;6;0;2;1;1;1;0;2;0;0;0;0;0;0;0;0;0;0;0;0;0;0;0;0;0;0
313320;2015;MUNICIPIO;78;0;0;6;72;1;9;18;12;32;42;36;4;0;1;0;1;0;0;1;0;0;0;0;0;0;0;0;0;0;0;0;0;0;0;0;0;0
313330;2015;MUNICIPIO;176;0;0;20;156;13;29;28;13;73;102;74;11;0;2;2;0;0;0;0;0;0;2;0;0;0;0;0;0;0;0;0;0;0;0;0;0;0
313340;2015;MUNICIPIO;75;0;0;3;72;11;12;19;10;20;40;35;4;0;0;0;0;0;0;0;0;0;0;0;0;0;0;0;0;0;0;0;0;0;0;0;0;0
313350;2015;MUNICIPIO;177;0;0;27;150;3;30;46;27;44;102;75;9;0;2;1;1;0;0;1;0;0;0;0;0;0;0;0;0;0;0;0;0;0;0;0;0;0
313360;2015;MUNICIPIO;50;0;0;3;47;3;8;11;4;21;31;19;2;0;0;0;0;0;0;0;0;0;0;0;1;0;0;0;1;0;1;1;1;0;0;0;0;0
313370;2015;MUNICIPIO;76;0;0;13;63;3;11;22;9;18;40;36;6;0;2;1;1;2;0;0;0;1;1;0;1;0;0;0;1;0;1;1;0;0;0;0;0;0
313375;2015;MUNICIPIO;116;0;0;5;111;6;26;27;18;34;61;55;2;0;3;3;0;0;0;2;1;0;0;0;1;0;0;0;1;0;1;1;0;0;1;0;0;0
313380;2015;MUNICIPIO;613;0;0;82;531;23;86;189;87;146;335;278;34;0;6;5;1;3;1;3;0;0;1;0;2;1;0;0;1;0;2;2;0;0;0;1;0;0
313390;2015;MUNICIPIO;40;0;0;2;38;2;9;9;6;12;15;25;2;0;0;0;0;0;0;0;0;0;0;0;0;0;0;0;0;0;0;0;0;0;0;0;0;0
313400;2015;MUNICIPIO;86;0;0;4;82;3;5;14;4;56;57;29;3;0;2;0;2;1;0;1;0;0;1;0;0;0;0;0;0;0;0;0;0;0;0;0;0;0
313410;2015;MUNICIPIO;45;0;0;3;42;3;8;10;2;19;29;16;0;0;2;2;0;0;0;2;0;0;0;0;0;0;0;0;0;0;0;0;0;0;0;0;0;0
313420;2015;MUNICIPIO;863;0;0;73;790;51;171;230;154;184;482;381;42;0;15;13;2;4;0;6;0;1;5;0;3;0;0;0;1;2;1;1;0;0;0;1;0;0
313430;2015;MUNICIPIO;33;0;0;4;29;0;5;13;4;7;20;13;1;0;0;0;0;0;0;0;0;0;0;0;0;0;0;0;0;0;0;0;0;0;0;0;0;0
313440;2015;MUNICIPIO;238;0;0;28;210;17;51;59;18;65;137;101;14;0;5;3;2;1;0;5;0;0;0;0;0;0;0;0;0;0;0;0;0;0;0;0;0;0
313450;2015;MUNICIPIO;30;0;0;8;22;0;4;5;4;9;15;15;1;0;0;0;0;2;0;0;0;0;0;0;0;0;0;0;0;0;0;0;0;0;0;0;0;0
313460;2015;MUNICIPIO;131;0;0;15;116;2;17;35;19;43;80;51;6;0;1;0;1;2;0;0;0;0;1;0;0;0;0;0;0;0;0;0;0;0;0;0;0;0
313470;2015;MUNICIPIO;79;0;0;9;70;4;7;22;14;23;45;34;3;0;3;3;0;0;0;1;0;0;2;0;0;0;0;0;0;0;0;0;0;0;0;0;0;0
313480;2015;MUNICIPIO;67;0;0;4;63;2;9;8;13;31;33;34;2;0;0;0;0;0;0;0;0;0;0;0;0;0;0;0;0;0;0;0;0;0;0;0;0;0
313490;2015;MUNICIPIO;166;0;0;6;160;6;19;37;23;75;90;76;8;0;1;1;0;1;0;1;0;0;0;0;0;0;0;0;0;0;0;0;0;0;0;0;0;0
313500;2015;MUNICIPIO;15;0;0;0;15;1;2;5;2;5;7;8;0;0;0;0;0;0;0;0;0;0;0;0;0;0;0;0;0;0;0;0;0;0;0;0;0;0
313505;2015;MUNICIPIO;178;0;0;50;128;11;17;35;15;50;122;56;14;0;6;5;1;3;0;1;0;0;4;0;0;0;0;0;0;0;0;0;0;0;0;0;0;0
313507;2015;MUNICIPIO;24;0;0;5;19;1;2;9;1;6;13;11;2;0;0;0;0;0;0;0;0;0;0;0;0;0;0;0;0;0;0;0;0;0;0;0;0;0
313510;2015;MUNICIPIO;427;0;0;80;347;39;52;76;65;115;252;174;28;0;11;8;3;2;0;3;0;0;8;0;2;0;0;0;2;0;2;2;0;0;0;0;0;0
313520;2015;MUNICIPIO;460;0;0;46;414;19;54;100;58;183;258;202;22;0;16;13;3;4;0;5;0;0;11;0;1;0;0;0;1;0;1;1;0;0;0;1;0;0
313530;2015;MUNICIPIO;20;0;0;2;18;0;1;4;6;7;14;6;1;0;1;1;0;1;0;1;0;0;0;0;0;0;0;0;0;0;0;0;0;0;0;0;0;0
313535;2015;MUNICIPIO;46;0;0;7;39;0;11;7;6;15;29;17;2;0;1;1;0;0;0;1;0;0;0;0;0;0;0;0;0;0;0;0;0;0;0;0;0;0
313540;2015;MUNICIPIO;47;0;0;5;42;1;5;14;8;14;31;16;0;0;0;0;0;0;0;0;0;0;0;0;0;0;0;0;0;0;0;0;0;0;0;0;0;0
313545;2015;MUNICIPIO;38;0;0;2;36;14;6;6;1;9;19;19;2;0;0;0;0;1;0;0;0;0;0;0;0;0;0;0;0;0;0;0;0;0;0;0;0;0
313550;2015;MUNICIPIO;85;0;0;8;77;0;17;21;13;26;51;34;2;0;0;0;0;0;0;0;0;0;0;0;0;0;0;0;0;0;0;0;0;0;0;0;0;0
313560;2015;MUNICIPIO;70;0;0;9;61;1;15;13;11;21;47;23;3;0;2;2;0;0;0;0;0;0;2;0;0;0;0;0;0;0;0;0;0;0;0;0;0;0
313570;2015;MUNICIPIO;36;0;0;8;28;5;4;8;4;7;22;14;0;0;0;0;0;1;0;0;0;0;0;0;0;0;0;0;0;0;0;0;0;0;0;0;0;0
313580;2015;MUNICIPIO;181;0;0;16;165;9;23;43;26;64;104;77;6;0;3;3;0;0;0;0;0;0;2;0;0;0;0;0;0;0;0;0;0;0;0;0;0;0
313590;2015;MUNICIPIO;33;0;0;5;28;2;9;5;2;10;21;12;2;0;1;0;1;0;0;1;0;0;0;0;0;0;0;0;0;0;0;0;0;0;0;0;0;0
313600;2015;MUNICIPIO;119;0;0;15;104;5;16;26;12;45;66;53;7;0;4;4;0;2;0;2;0;0;2;0;0;0;0;0;0;0;0;0;0;0;0;0;0;0
313610;2015;MUNICIPIO;41;0;0;10;31;2;4;10;7;8;23;18;3;0;0;0;0;0;0;0;0;0;0;0;0;0;0;0;0;0;0;0;0;0;0;0;0;0
313620;2015;MUNICIPIO;490;0;0;54;436;28;81;100;56;171;240;250;28;0;10;8;2;5;0;2;2;0;6;0;0;0;0;0;0;0;0;0;0;0;0;0;0;0
313630;2015;MUNICIPIO;304;0;0;32;272;24;54;94;22;78;186;118;16;0;11;10;1;2;0;6;0;0;4;0;1;0;0;0;0;1;0;0;0;0;0;0;0;0
313640;2015;MUNICIPIO;28;0;0;3;25;4;3;9;1;8;18;10;1;0;0;0;0;0;0;0;0;0;0;0;1;0;0;1;0;0;1;1;0;0;0;1;0;0
313650;2015;MUNICIPIO;59;0;0;3;56;3;9;19;4;21;33;26;4;0;0;0;0;0;0;0;0;0;0;0;0;0;0;0;0;0;0;0;0;0;0;0;0;0
313652;2015;MUNICIPIO;14;0;0;1;13;3;0;5;3;2;8;6;0;0;1;1;0;0;0;0;0;0;1;0;0;0;0;0;0;0;0;0;0;0;0;0;0;0
313655;2015;MUNICIPIO;20;0;0;2;18;0;4;5;2;7;14;6;0;0;0;0;0;0;0;0;0;0;0;0;0;0;0;0;0;0;0;0;0;0;0;0;0;0
313657;2015;MUNICIPIO;27;0;0;1;26;3;1;5;1;16;12;15;2;0;0;0;0;0;0;0;0;0;0;0;0;0;0;0;0;0;0;0;0;0;0;0;0;0
313660;2015;MUNICIPIO;45;0;0;8;37;3;5;8;8;13;26;19;1;0;0;0;0;0;0;0;0;0;0;0;0;0;0;0;0;0;0;0;0;0;0;0;0;0
313665;2015;MUNICIPIO;168;0;0;35;133;1;23;30;12;67;106;62;6;0;3;1;2;1;1;0;0;1;1;0;1;1;0;0;0;0;1;1;0;1;0;0;0;0
313670;2015;MUNICIPIO;4177;0;0;361;3816;211;773;1078;553;1201;2179;1927;203;0;61;41;20;19;1;27;3;0;14;0;9;1;0;1;4;3;6;6;0;0;2;4;0;0
313680;2015;MUNICIPIO;33;0;0;2;31;0;7;7;0;17;16;17;3;0;0;0;0;0;0;0;0;0;0;0;0;0;0;0;0;0;0;0;0;0;0;0;0;0
313690;2015;MUNICIPIO;67;0;0;9;58;4;6;9;18;21;40;27;1;0;0;0;0;0;0;0;0;0;0;0;0;0;0;0;0;0;0;0;0;0;0;0;0;0
313695;2015;MUNICIPIO;33;0;0;4;29;0;2;8;1;18;16;17;2;0;3;3;0;0;0;1;0;0;2;0;0;0;0;0;0;0;0;0;0;0;0;0;0;0
313700;2015;MUNICIPIO;97;0;0;9;88;3;19;20;11;35;59;38;7;0;1;1;0;1;0;0;0;0;0;1;0;0;0;0;0;0;0;0;0;0;0;0;0;0
313710;2015;MUNICIPIO;59;0;0;3;56;4;7;20;13;12;35;24;1;0;0;0;0;0;0;0;0;0;0;0;0;0;0;0;0;0;0;0;0;0;0;0;0;0
313720;2015;MUNICIPIO;282;0;0;25;257;12;47;93;36;69;147;135;14;0;3;2;1;0;0;2;0;0;0;0;1;0;0;0;0;1;0;0;0;0;0;0;0;0
313730;2015;MUNICIPIO;32;0;0;2;30;2;6;6;1;15;26;6;2;0;3;3;0;1;0;0;0;0;2;0;1;0;0;0;1;0;1;1;0;0;0;1;0;0
313740;2015;MUNICIPIO;78;0;0;7;71;2;13;24;12;20;48;30;5;0;4;4;0;0;0;1;0;0;0;0;0;0;0;0;0;0;0;0;0;0;0;0;0;0
313750;2015;MUNICIPIO;126;0;0;16;110;7;13;41;21;28;73;53;1;0;1;1;0;0;0;0;0;0;1;0;0;0;0;0;0;0;0;0;0;0;0;0;0;0
313753;2015;MUNICIPIO;43;0;0;5;38;2;6;8;9;13;24;19;0;0;3;3;0;0;0;2;0;0;1;0;0;0;0;0;0;0;0;0;0;0;0;0;0;0
313760;2015;MUNICIPIO;314;0;0;70;244;8;50;74;42;70;183;131;12;0;5;5;0;3;0;0;0;0;4;0;1;0;1;0;0;0;1;1;0;0;0;0;0;1
313770;2015;MUNICIPIO;97;0;0;14;83;3;16;27;9;28;50;47;7;0;2;2;0;0;0;1;1;0;0;0;1;0;0;0;1;0;1;1;0;0;0;0;0;0
313780;2015;MUNICIPIO;188;0;0;11;177;3;39;51;18;66;103;85;3;0;3;2;1;0;0;2;0;0;0;0;0;0;0;0;0;0;0;0;0;0;0;0;0;0
313790;2015;MUNICIPIO;33;0;0;3;30;0;3;10;7;10;22;11;1;0;1;1;0;0;0;1;0;0;0;0;0;0;0;0;0;0;0;0;0;0;0;0;0;0
313800;2015;MUNICIPIO;54;0;0;2;52;2;9;17;11;13;30;24;2;0;0;0;0;0;0;0;0;0;0;0;0;0;0;0;0;0;0;0;0;0;0;0;0;0
313810;2015;MUNICIPIO;43;0;0;5;38;0;8;5;8;17;27;16;4;0;1;1;0;0;0;0;0;0;1;0;1;0;0;0;0;1;0;0;0;0;0;0;0;0
313820;2015;MUNICIPIO;649;0;0;53;596;26;114;185;83;188;350;299;37;0;14;12;2;3;0;6;3;0;5;0;4;0;1;1;1;1;3;3;0;1;0;2;0;0
313830;2015;MUNICIPIO;31;0;0;4;27;0;5;3;1;18;21;10;0;0;0;0;0;1;0;0;0;0;0;0;1;0;0;1;0;0;1;0;1;0;0;0;0;0
313835;2015;MUNICIPIO;16;0;0;2;14;2;3;3;1;5;10;6;1;0;0;0;0;0;0;0;0;0;0;0;0;0;0;0;0;0;0;0;0;0;0;0;0;0
313840;2015;MUNICIPIO;428;0;0;29;399;21;63;132;71;112;223;205;26;0;1;0;1;3;0;0;0;0;0;0;0;0;0;0;0;0;0;0;0;0;0;0;0;0
313850;2015;MUNICIPIO;45;0;0;2;43;1;7;10;3;22;24;21;4;0;0;0;0;1;0;0;0;0;0;0;0;0;0;0;0;0;0;0;0;0;0;0;0;0
313860;2015;MUNICIPIO;168;0;0;13;155;2;24;46;33;50;88;78;6;0;1;1;0;4;0;0;0;0;1;0;0;0;0;0;0;0;0;0;0;0;0;0;0;0
313862;2015;MUNICIPIO;43;0;0;5;38;1;3;18;6;10;29;14;2;0;2;1;1;0;0;0;0;0;2;0;0;0;0;0;0;0;0;0;0;0;0;0;0;0
313865;2015;MUNICIPIO;71;0;0;8;63;5;10;11;10;27;49;22;1;0;1;1;0;0;0;0;0;0;0;0;0;0;0;0;0;0;0;0;0;0;0;0;0;0
313867;2015;MUNICIPIO;30;0;0;3;27;2;8;5;3;9;18;12;2;0;0;0;0;1;0;0;0;0;0;0;0;0;0;0;0;0;0;0;0;0;0;0;0;0
313868;2015;MUNICIPIO;42;0;0;5;37;2;5;9;9;12;24;18;1;0;3;3;0;2;0;0;0;0;2;0;0;0;0;0;0;0;0;0;0;0;0;0;0;0
313870;2015;MUNICIPIO;30;0;0;2;28;0;5;11;5;7;17;13;1;0;0;0;0;0;0;0;0;0;0;0;0;0;0;0;0;0;0;0;0;0;0;0;0;0
313880;2015;MUNICIPIO;141;0;0;11;130;10;31;24;20;45;86;55;5;0;1;1;0;0;0;1;0;0;0;0;0;0;0;0;0;0;0;0;0;0;0;0;0;0
313890;2015;MUNICIPIO;49;0;0;4;45;1;7;20;4;13;32;17;3;0;1;0;1;0;0;1;0;0;0;0;0;0;0;0;0;0;0;0;0;0;0;0;0;0
313900;2015;MUNICIPIO;255;0;0;23;232;7;50;90;27;58;137;118;11;0;4;3;1;5;0;1;0;0;2;0;0;0;0;0;0;0;0;0;0;0;0;0;0;0
313910;2015;MUNICIPIO;37;0;0;3;34;0;7;15;1;11;21;16;3;0;0;0;0;1;0;0;0;0;0;0;0;0;0;0;0;0;0;0;0;0;0;0;0;0
313920;2015;MUNICIPIO;142;0;0;14;128;9;24;36;17;42;79;63;6;0;2;2;0;2;0;1;0;0;1;0;0;0;0;0;0;0;0;0;0;0;0;0;0;0
313925;2015;MUNICIPIO;32;0;0;2;30;2;4;4;4;16;18;14;1;0;0;0;0;0;0;0;0;0;0;0;0;0;0;0;0;0;0;0;0;0;0;0;0;0
313930;2015;MUNICIPIO;142;0;0;20;122;5;20;32;20;45;78;64;8;0;2;2;0;3;0;1;1;0;0;0;0;0;0;0;0;0;0;0;0;0;0;0;0;0
313940;2015;MUNICIPIO;441;0;0;41;400;9;81;124;59;127;236;205;23;0;7;6;1;5;0;2;0;0;4;0;1;0;0;0;0;1;0;0;0;0;0;0;0;0
313950;2015;MUNICIPIO;185;0;0;16;169;4;29;46;26;64;94;91;15;0;7;7;0;1;2;5;0;0;1;0;2;2;0;0;0;0;2;2;0;0;0;1;0;0
313960;2015;MUNICIPIO;183;0;0;16;167;7;27;58;20;55;99;84;9;0;1;1;0;4;0;0;0;0;1;0;0;0;0;0;0;0;0;0;0;0;0;0;0;0
313970;2015;MUNICIPIO;48;0;0;10;38;1;4;15;2;16;25;23;2;0;4;3;1;2;0;2;0;0;1;0;0;0;0;0;0;0;0;0;0;0;0;0;0;0
313980;2015;MUNICIPIO;85;0;0;5;80;3;12;26;13;26;45;40;2;0;3;1;2;0;0;0;0;0;1;0;1;0;0;0;0;1;0;0;0;0;0;0;0;0
313990;2015;MUNICIPIO;103;0;0;2;101;3;16;36;15;31;64;39;4;0;1;0;1;1;0;1;0;0;0;0;0;0;0;0;0;0;0;0;0;0;0;0;0;0
314000;2015;MUNICIPIO;329;0;0;44;285;6;52;69;39;119;183;146;15;0;5;5;0;5;0;2;0;0;2;0;0;0;0;0;0;0;0;0;0;0;0;0;0;0
314010;2015;MUNICIPIO;31;0;0;1;30;0;7;11;4;8;14;17;2;0;0;0;0;0;0;0;0;0;0;0;1;0;0;0;1;0;1;1;0;1;0;0;0;0
314015;2015;MUNICIPIO;68;0;0;12;56;2;20;12;5;17;44;24;2;0;3;0;3;2;0;1;0;0;2;0;1;0;1;0;0;0;1;1;0;0;0;1;0;0
314020;2015;MUNICIPIO;34;0;0;3;31;1;6;11;5;8;25;9;0;0;2;2;0;0;0;0;0;0;0;0;0;0;0;0;0;0;0;0;0;0;0;0;0;0
314030;2015;MUNICIPIO;30;0;0;2;28;0;12;11;2;3;15;15;1;0;0;0;0;0;0;0;0;0;0;0;0;0;0;0;0;0;0;0;0;0;0;0;0;0
314040;2015;MUNICIPIO;27;0;0;1;26;0;4;9;3;10;19;8;1;0;0;0;0;0;0;0;0;0;0;0;0;0;0;0;0;0;0;0;0;0;0;0;0;0
314050;2015;MUNICIPIO;100;0;0;15;85;5;16;23;15;26;55;45;4;0;4;3;1;1;0;1;0;0;3;0;0;0;0;0;0;0;0;0;0;0;0;0;0;0
314053;2015;MUNICIPIO;49;0;0;4;45;2;9;16;4;14;28;21;2;0;1;1;0;1;0;1;0;0;0;0;0;0;0;0;0;0;0;0;0;0;0;0;0;0
314055;2015;MUNICIPIO;46;0;0;7;39;1;4;8;6;20;27;19;4;0;1;1;0;0;0;1;0;0;0;0;0;0;0;0;0;0;0;0;0;0;0;0;0;0
314060;2015;MUNICIPIO;20;0;0;1;19;0;4;6;1;8;14;6;0;0;0;0;0;0;0;0;0;0;0;0;0;0;0;0;0;0;0;0;0;0;0;0;0;0
314070;2015;MUNICIPIO;200;0;0;29;171;6;24;50;19;72;112;88;11;0;1;1;0;1;0;1;0;0;0;0;0;0;0;0;0;0;0;0;0;0;0;0;0;0
314080;2015;MUNICIPIO;103;0;0;10;93;4;19;22;16;32;67;35;3;0;0;0;0;0;0;0;0;0;0;0;0;0;0;0;0;0;0;0;0;0;0;0;0;0
314085;2015;MUNICIPIO;45;0;0;6;39;3;6;12;4;14;25;20;3;0;0;0;0;0;0;0;0;0;0;0;1;0;0;0;1;0;1;1;0;0;0;1;0;0
314090;2015;MUNICIPIO;122;0;0;9;113;4;20;24;19;46;73;49;8;0;1;1;0;0;0;0;0;0;1;0;0;0;0;0;0;0;0;0;0;0;0;0;0;0
314100;2015;MUNICIPIO;86;0;0;7;79;2;12;17;12;36;48;38;2;0;1;1;0;0;0;0;0;0;1;0;0;0;0;0;0;0;0;0;0;0;0;0;0;0
314110;2015;MUNICIPIO;185;0;0;28;157;10;34;38;16;59;120;65;6;0;3;1;2;4;0;2;0;0;0;0;2;0;0;0;2;0;2;2;0;0;0;2;0;0
314120;2015;MUNICIPIO;39;0;0;6;33;3;3;16;3;8;18;21;2;0;0;0;0;0;0;0;0;0;0;0;0;0;0;0;0;0;0;0;0;0;0;0;0;0
314130;2015;MUNICIPIO;20;0;0;2;18;2;5;8;0;3;13;7;0;0;1;0;1;0;0;1;0;0;0;0;0;0;0;0;0;0;0;0;0;0;0;0;0;0
314140;2015;MUNICIPIO;155;0;0;24;131;4;22;38;11;56;87;68;11;0;2;1;1;0;1;0;0;0;2;0;1;1;0;0;0;0;1;1;0;0;0;0;0;0
314150;2015;MUNICIPIO;44;0;0;3;41;1;3;17;7;13;23;21;2;0;1;1;0;0;0;1;0;0;0;0;0;0;0;0;0;0;0;0;0;0;0;0;0;0
314160;2015;MUNICIPIO;85;0;0;8;77;1;10;36;14;16;45;40;4;0;0;0;0;0;0;0;0;0;0;0;0;0;0;0;0;0;0;0;0;0;0;0;0;0
314170;2015;MUNICIPIO;37;0;0;3;34;1;4;12;7;10;20;17;1;0;2;1;1;0;0;0;0;0;0;0;0;0;0;0;0;0;0;0;0;0;0;0;0;0
314180;2015;MUNICIPIO;148;0;0;18;130;18;12;28;13;59;63;85;9;0;3;3;0;3;0;0;0;0;3;0;0;0;0;0;0;0;0;0;0;0;0;0;0;0
314190;2015;MUNICIPIO;42;0;0;1;41;1;8;9;6;17;21;21;2;0;0;0;0;0;0;0;0;0;0;0;1;0;0;0;0;1;0;0;0;0;0;0;0;0
314200;2015;MUNICIPIO;95;0;0;9;86;3;10;23;13;37;59;36;8;0;0;0;0;2;0;0;0;0;0;0;0;0;0;0;0;0;0;0;0;0;0;0;0;0
314210;2015;MUNICIPIO;73;0;0;11;62;4;8;17;17;16;49;24;1;0;0;0;0;0;0;0;0;0;0;0;0;0;0;0;0;0;0;0;0;0;0;0;0;0
314220;2015;MUNICIPIO;109;0;0;8;101;0;13;28;16;44;64;45;5;0;2;1;1;0;0;1;0;0;1;0;0;0;0;0;0;0;0;0;0;0;0;0;0;0
314225;2015;MUNICIPIO;26;0;0;2;24;0;3;5;4;12;12;14;2;0;2;2;0;0;0;0;0;0;2;0;0;0;0;0;0;0;0;0;0;0;0;0;0;0
314230;2015;MUNICIPIO;37;0;0;4;33;0;6;13;5;9;23;14;0;0;0;0;0;0;0;0;0;0;0;0;0;0;0;0;0;0;0;0;0;0;0;0;0;0
314240;2015;MUNICIPIO;45;0;0;8;37;1;10;13;7;6;20;25;3;0;0;0;0;0;0;0;0;0;0;0;0;0;0;0;0;0;0;0;0;0;0;0;0;0
314250;2015;MUNICIPIO;12;0;0;1;11;1;4;5;0;1;7;5;0;0;0;0;0;0;0;0;0;0;0;0;0;0;0;0;0;0;0;0;0;0;0;0;0;0
314260;2015;MUNICIPIO;51;0;0;1;50;2;11;16;6;15;34;17;2;0;0;0;0;1;0;0;0;0;0;0;0;0;0;0;0;0;0;0;0;0;0;0;0;0
314270;2015;MUNICIPIO;109;0;0;5;104;5;21;22;3;53;50;59;8;0;3;3;0;0;0;1;0;0;2;0;1;0;0;0;1;0;1;1;0;0;0;0;0;1
314280;2015;MUNICIPIO;139;0;0;8;131;3;26;37;19;46;76;62;6;0;1;1;0;0;0;1;0;0;0;0;0;0;0;0;0;0;0;0;0;0;0;0;0;0
314290;2015;MUNICIPIO;173;0;0;12;161;15;19;39;31;57;108;65;3;0;2;2;0;2;0;1;0;0;1;0;0;0;0;0;0;0;0;0;0;0;0;0;0;0
314300;2015;MUNICIPIO;110;0;0;8;102;2;19;31;23;27;61;49;4;0;2;2;0;1;0;1;0;0;0;0;0;0;0;0;0;0;0;0;0;0;0;0;0;0
314310;2015;MUNICIPIO;338;0;0;40;298;26;50;85;36;101;198;140;13;0;6;4;2;4;0;3;0;0;2;0;0;0;0;0;0;0;0;0;0;0;0;0;0;0
314315;2015;MUNICIPIO;17;0;0;3;14;1;2;4;1;6;11;6;2;0;1;1;0;0;0;0;0;0;1;0;0;0;0;0;0;0;0;0;0;0;0;0;0;0
314320;2015;MUNICIPIO;206;0;0;14;192;11;36;47;30;68;112;94;4;0;3;3;0;2;0;1;0;0;1;0;0;0;0;0;0;0;0;0;0;0;0;0;0;0
314330;2015;MUNICIPIO;2150;0;0;253;1897;140;397;348;269;743;1195;954;130;0;48;34;14;19;4;15;0;1;28;0;7;4;0;0;1;2;5;5;0;0;0;1;1;1
314340;2015;MUNICIPIO;109;0;0;11;98;4;19;32;10;33;66;43;2;0;1;1;0;1;0;1;0;0;0;0;0;0;0;0;0;0;0;0;0;0;0;0;0;0
314345;2015;MUNICIPIO;23;0;0;4;19;1;3;2;3;10;14;9;2;0;0;0;0;0;0;0;0;0;0;0;0;0;0;0;0;0;0;0;0;0;0;0;0;0
314350;2015;MUNICIPIO;56;0;0;8;48;3;12;13;3;17;32;24;4;0;0;0;0;0;0;0;0;0;0;0;0;0;0;0;0;0;0;0;0;0;0;0;0;0
314360;2015;MUNICIPIO;19;0;0;6;13;0;2;3;1;7;13;6;3;0;1;1;0;0;0;0;0;0;1;0;0;0;0;0;0;0;0;0;0;0;0;0;0;0
314370;2015;MUNICIPIO;21;0;0;2;19;0;2;4;1;12;15;6;1;0;0;0;0;0;0;0;0;0;0;0;0;0;0;0;0;0;0;0;0;0;0;0;0;0
314380;2015;MUNICIPIO;40;0;0;5;35;1;4;13;6;11;25;15;3;0;0;0;0;0;0;0;0;0;0;0;0;0;0;0;0;0;0;0;0;0;0;0;0;0
314390;2015;MUNICIPIO;857;0;0;75;782;44;155;234;138;211;502;355;33;0;10;8;2;2;0;3;0;0;6;0;0;0;0;0;0;0;0;0;0;0;0;0;0;0
314400;2015;MUNICIPIO;179;0;0;19;160;7;23;55;17;58;104;75;9;0;2;2;0;0;0;0;0;0;2;0;0;0;0;0;0;0;0;0;0;0;0;0;0;0
314410;2015;MUNICIPIO;175;0;0;9;166;6;25;53;25;57;91;84;4;0;1;1;0;0;0;1;0;0;0;0;0;0;0;0;0;0;0;0;0;0;0;0;0;0
314420;2015;MUNICIPIO;19;0;0;3;16;0;3;7;2;4;12;7;2;0;1;1;0;0;0;0;0;0;0;0;0;0;0;0;0;0;0;0;0;0;0;0;0;0
314430;2015;MUNICIPIO;330;0;0;25;305;10;47;78;33;137;181;148;14;0;5;4;1;2;0;0;0;0;5;0;0;0;0;0;0;0;0;0;0;0;0;0;0;0
314435;2015;MUNICIPIO;47;0;0;3;44;3;8;14;6;13;26;21;3;0;1;1;0;1;0;1;0;0;0;0;0;0;0;0;0;0;0;0;0;0;0;0;0;0
314437;2015;MUNICIPIO;18;0;0;4;14;1;1;3;3;6;12;6;3;0;0;0;0;1;0;0;0;0;0;0;0;0;0;0;0;0;0;0;0;0;0;0;0;0
314440;2015;MUNICIPIO;37;0;0;1;36;2;10;8;4;12;22;15;2;0;0;0;0;0;0;0;0;0;0;0;0;0;0;0;0;0;0;0;0;0;0;0;0;0
314450;2015;MUNICIPIO;48;0;0;7;41;3;10;20;3;5;22;26;2;0;1;1;0;0;0;0;0;0;1;0;0;0;0;0;0;0;0;0;0;0;0;0;0;0
314460;2015;MUNICIPIO;193;0;0;18;175;1;28;62;24;60;101;92;13;0;4;2;2;1;0;1;0;0;3;0;1;0;0;0;0;1;0;0;0;0;0;0;0;0
314465;2015;MUNICIPIO;67;0;0;8;59;1;15;23;8;12;40;27;0;0;0;0;0;0;0;0;0;0;0;0;0;0;0;0;0;0;0;0;0;0;0;0;0;0
314467;2015;MUNICIPIO;13;0;0;2;11;1;2;4;1;3;7;6;0;0;2;0;2;1;0;0;0;0;2;0;0;0;0;0;0;0;0;0;0;0;0;0;0;0
314470;2015;MUNICIPIO;117;0;0;9;108;6;21;24;13;44;65;52;6;0;5;4;1;0;0;0;0;0;4;0;0;0;0;0;0;0;0;0;0;0;0;0;0;0
314480;2015;MUNICIPIO;487;0;0;48;439;20;119;132;60;108;257;230;20;0;9;7;2;5;0;4;0;0;5;0;0;0;0;0;0;0;0;0;0;0;0;0;0;0
314490;2015;MUNICIPIO;30;0;0;2;28;1;6;10;0;11;18;12;1;0;1;1;0;0;0;0;0;0;1;0;0;0;0;0;0;0;0;0;0;0;0;0;0;0
314500;2015;MUNICIPIO;50;0;0;7;43;3;4;18;4;14;31;19;3;0;2;2;0;0;0;1;0;0;1;0;1;0;0;0;0;1;0;0;0;0;0;0;0;0
314505;2015;MUNICIPIO;49;0;0;9;40;1;6;14;6;13;30;18;2;0;1;1;0;0;0;0;0;0;1;0;0;0;0;0;0;0;0;0;0;0;0;0;0;0
314510;2015;MUNICIPIO;84;0;0;12;72;3;15;22;16;16;57;27;4;0;0;0;0;0;1;0;0;0;0;0;1;1;0;0;0;0;1;1;0;0;0;0;0;0
314520;2015;MUNICIPIO;288;0;0;72;216;15;38;50;24;89;176;112;27;0;12;10;2;2;1;3;0;0;7;0;3;1;1;0;1;0;3;1;1;0;0;0;0;0
314530;2015;MUNICIPIO;210;0;0;29;181;5;36;49;19;72;134;76;16;0;1;1;0;0;1;0;0;0;1;0;1;1;0;0;0;0;1;1;0;1;0;0;0;0
314535;2015;MUNICIPIO;71;0;0;7;64;3;13;23;7;18;39;32;3;0;3;3;0;2;0;0;0;0;3;0;0;0;0;0;0;0;0;0;0;0;0;0;0;0
314537;2015;MUNICIPIO;21;0;0;2;19;2;0;5;2;10;11;10;1;0;0;0;0;0;0;0;0;0;0;0;0;0;0;0;0;0;0;0;0;0;0;0;0;0
314540;2015;MUNICIPIO;11;0;0;1;10;0;1;3;2;4;5;6;1;0;0;0;0;0;0;0;0;0;0;0;0;0;0;0;0;0;0;0;0;0;0;0;0;0
314545;2015;MUNICIPIO;41;0;0;4;37;7;6;5;5;14;27;14;2;0;0;0;0;0;0;0;0;0;0;0;1;0;0;0;0;1;0;0;0;0;0;0;0;0
314550;2015;MUNICIPIO;21;0;0;2;19;0;2;5;6;6;14;7;1;0;0;0;0;0;0;0;0;0;0;0;0;0;0;0;0;0;0;0;0;0;0;0;0;0
314560;2015;MUNICIPIO;267;0;0;10;257;11;48;87;38;73;143;124;10;0;3;3;0;1;0;1;1;0;1;0;0;0;0;0;0;0;0;0;0;0;0;0;0;0
314570;2015;MUNICIPIO;19;0;0;1;18;0;2;7;2;7;12;7;0;0;0;0;0;1;0;0;0;0;0;0;0;0;0;0;0;0;0;0;0;0;0;0;0;0
314580;2015;MUNICIPIO;9;0;0;2;7;0;0;2;2;3;5;4;1;0;0;0;0;0;0;0;0;0;0;0;0;0;0;0;0;0;0;0;0;0;0;0;0;0
314585;2015;MUNICIPIO;40;0;0;1;39;2;3;8;8;18;26;14;1;0;1;1;0;1;0;0;1;0;0;0;0;0;0;0;0;0;0;0;0;0;0;0;0;0
314587;2015;MUNICIPIO;36;0;0;2;34;3;5;10;4;12;23;13;2;0;0;0;0;1;0;0;0;0;0;0;0;0;0;0;0;0;0;0;0;0;0;0;0;0
314590;2015;MUNICIPIO;162;0;0;17;145;2;22;44;17;60;90;72;12;0;7;5;2;3;0;1;0;0;5;0;2;0;0;0;1;1;1;1;0;0;0;0;0;0
314600;2015;MUNICIPIO;248;0;0;21;227;5;37;77;29;79;131;117;4;0;5;4;1;0;0;5;0;0;0;0;1;0;0;0;1;0;1;0;0;0;0;0;0;0
314610;2015;MUNICIPIO;404;0;0;41;363;19;74;119;36;115;227;177;13;0;5;5;0;2;2;0;0;0;2;0;2;2;0;0;0;0;2;0;0;0;0;0;0;0
314620;2015;MUNICIPIO;64;0;0;5;59;1;4;17;7;30;29;35;2;0;1;0;1;1;0;0;0;0;1;0;0;0;0;0;0;0;0;0;0;0;0;0;0;0
314625;2015;MUNICIPIO;42;0;0;11;31;5;3;9;4;10;26;16;2;0;1;0;1;0;0;0;0;0;1;0;0;0;0;0;0;0;0;0;0;0;0;0;0;0
314630;2015;MUNICIPIO;165;0;0;31;134;6;11;33;9;75;106;59;6;0;5;4;1;3;0;1;0;0;4;0;1;0;0;0;1;0;1;1;0;0;1;0;0;0
314640;2015;MUNICIPIO;41;0;0;4;37;1;7;10;8;11;26;15;3;0;0;0;0;0;0;0;0;0;0;0;0;0;0;0;0;0;0;0;0;0;0;0;0;0
314650;2015;MUNICIPIO;67;0;0;6;61;4;12;18;7;20;42;25;2;0;0;0;0;0;0;0;0;0;0;0;0;0;0;0;0;0;0;0;0;0;0;0;0;0
314655;2015;MUNICIPIO;31;0;0;4;27;5;4;6;2;10;19;12;1;0;0;0;0;0;0;0;0;0;0;0;0;0;0;0;0;0;0;0;0;0;0;0;0;0
314660;2015;MUNICIPIO;22;0;0;3;19;1;5;4;4;5;11;11;2;0;0;0;0;0;0;0;0;0;0;0;0;0;0;0;0;0;0;0;0;0;0;0;0;0
314670;2015;MUNICIPIO;58;0;0;4;54;1;10;20;7;16;37;21;2;0;1;1;0;0;0;1;0;0;0;0;0;0;0;0;0;0;0;0;0;0;0;0;0;0
314675;2015;MUNICIPIO;47;0;0;3;44;2;12;11;5;14;31;16;3;0;2;1;1;0;0;0;0;0;2;0;0;0;0;0;0;0;0;0;0;0;0;0;0;0
314690;2015;MUNICIPIO;92;0;0;18;74;2;13;18;12;29;59;33;6;0;2;2;0;1;0;1;0;0;0;0;0;0;0;0;0;0;0;0;0;0;0;0;0;0
314700;2015;MUNICIPIO;475;0;0;75;400;33;68;70;41;188;278;196;34;0;15;9;6;7;0;4;0;0;9;0;0;0;0;0;0;0;0;0;0;0;0;0;0;0
314710;2015;MUNICIPIO;531;0;0;77;454;21;83;125;71;154;307;224;26;0;7;3;4;2;0;3;0;0;3;0;1;0;1;0;0;0;1;1;0;0;0;1;0;0
314720;2015;MUNICIPIO;157;0;0;8;149;6;28;41;29;45;91;66;5;0;3;1;2;0;0;3;0;0;0;0;0;0;0;0;0;0;0;0;0;0;0;0;0;0
314730;2015;MUNICIPIO;124;0;0;9;115;4;28;37;13;33;66;58;4;0;0;0;0;0;0;0;0;0;0;0;0;0;0;0;0;0;0;0;0;0;0;0;0;0
314740;2015;MUNICIPIO;146;0;0;15;131;1;30;34;19;47;86;59;4;0;2;1;1;1;0;0;0;0;2;0;0;0;0;0;0;0;0;0;0;0;0;0;0;0
314750;2015;MUNICIPIO;10;0;0;0;10;2;0;6;1;1;4;6;0;0;0;0;0;0;0;0;0;0;0;0;0;0;0;0;0;0;0;0;0;0;0;0;0;0
314760;2015;MUNICIPIO;109;0;0;4;105;2;30;35;9;29;59;50;6;0;1;1;0;0;0;0;0;0;0;0;0;0;0;0;0;0;0;0;0;0;0;0;0;0
314770;2015;MUNICIPIO;69;0;0;2;67;1;14;29;8;15;33;36;3;0;0;0;0;0;0;0;0;0;0;0;1;0;0;0;0;1;0;0;0;0;0;0;0;0
314780;2015;MUNICIPIO;8;0;0;2;6;0;1;3;0;2;6;2;0;0;0;0;0;0;0;0;0;0;0;0;0;0;0;0;0;0;0;0;0;0;0;0;0;0
314790;2015;MUNICIPIO;763;0;0;49;714;45;138;180;132;219;437;326;41;0;14;8;6;5;0;6;1;0;7;0;1;0;0;0;1;0;1;1;0;0;1;0;0;0
314795;2015;MUNICIPIO;28;0;0;2;26;2;1;11;2;10;12;16;6;0;0;0;0;0;0;0;0;0;0;0;0;0;0;0;0;0;0;0;0;0;0;0;0;0
314800;2015;MUNICIPIO;848;0;0;95;753;51;137;248;122;195;484;364;36;0;17;11;6;5;0;9;0;1;7;0;1;0;0;1;0;0;1;0;0;1;0;0;0;0
314810;2015;MUNICIPIO;506;0;0;49;457;30;86;138;50;153;293;213;26;0;9;8;1;5;0;1;0;0;1;0;0;0;0;0;0;0;0;0;0;0;0;0;0;0
314820;2015;MUNICIPIO;43;0;0;4;39;3;9;11;5;11;28;15;0;0;0;0;0;0;0;0;0;0;0;0;0;0;0;0;0;0;0;0;0;0;0;0;0;0
314830;2015;MUNICIPIO;77;0;0;12;65;2;7;24;13;19;45;32;3;0;0;0;0;0;0;0;0;0;0;0;0;0;0;0;0;0;0;0;0;0;0;0;0;0
314840;2015;MUNICIPIO;27;0;0;2;25;1;7;7;3;7;14;13;0;0;0;0;0;1;0;0;0;0;0;0;0;0;0;0;0;0;0;0;0;0;0;0;0;0
314850;2015;MUNICIPIO;60;0;0;9;51;3;6;18;6;18;38;22;3;0;0;0;0;0;0;0;0;0;0;0;0;0;0;0;0;0;0;0;0;0;0;0;0;0
314860;2015;MUNICIPIO;105;0;0;9;96;5;18;31;8;34;55;50;2;0;0;0;0;1;0;0;0;0;0;0;0;0;0;0;0;0;0;0;0;0;0;0;0;0
314870;2015;MUNICIPIO;172;0;0;14;158;17;21;37;17;66;104;68;9;0;4;3;1;2;0;0;0;0;4;0;0;0;0;0;0;0;0;0;0;0;0;0;0;0
314875;2015;MUNICIPIO;40;0;0;3;37;3;7;15;4;8;21;19;3;0;0;0;0;3;0;0;0;0;0;0;0;0;0;0;0;0;0;0;0;0;0;0;0;0
314880;2015;MUNICIPIO;24;0;0;2;22;1;3;7;4;7;15;8;1;0;1;1;0;1;0;1;0;0;0;0;0;0;0;0;0;0;0;0;0;0;0;0;0;0
314890;2015;MUNICIPIO;28;0;0;2;26;2;4;7;7;6;13;15;4;0;0;0;0;0;0;0;0;0;0;0;0;0;0;0;0;0;0;0;0;0;0;0;0;0
314900;2015;MUNICIPIO;13;0;0;0;13;0;2;4;4;3;9;4;1;0;0;0;0;0;0;0;0;0;0;0;0;0;0;0;0;0;0;0;0;0;0;0;0;0
314910;2015;MUNICIPIO;93;0;0;4;89;2;21;19;20;27;53;40;2;0;1;0;1;0;0;1;0;0;0;0;0;0;0;0;0;0;0;0;0;0;0;0;0;0
314915;2015;MUNICIPIO;66;0;0;5;61;4;6;15;6;30;33;33;3;0;3;3;0;0;0;1;0;0;2;0;0;0;0;0;0;0;0;0;0;0;0;0;0;0
314920;2015;MUNICIPIO;21;0;0;0;21;1;3;5;7;5;8;13;0;0;0;0;0;0;0;0;0;0;0;0;0;0;0;0;0;0;0;0;0;0;0;0;0;0
314930;2015;MUNICIPIO;372;0;0;37;335;12;67;95;55;106;188;184;26;0;4;4;0;2;0;1;0;0;3;0;0;0;0;0;0;0;0;0;0;0;0;0;0;0
314940;2015;MUNICIPIO;8;0;0;0;8;0;2;2;2;2;6;2;0;0;0;0;0;0;0;0;0;0;0;0;0;0;0;0;0;0;0;0;0;0;0;0;0;0
314950;2015;MUNICIPIO;20;0;0;1;19;0;2;4;9;4;13;7;0;0;1;1;0;0;0;0;0;0;1;0;0;0;0;0;0;0;0;0;0;0;0;0;0;0
314960;2015;MUNICIPIO;41;0;0;1;40;0;4;14;8;14;25;16;1;0;0;0;0;0;0;0;0;0;0;0;0;0;0;0;0;0;0;0;0;0;0;0;0;0
314970;2015;MUNICIPIO;53;0;0;6;47;2;7;16;8;14;26;27;2;0;0;0;0;0;0;0;0;0;0;0;0;0;0;0;0;0;0;0;0;0;0;0;0;0
314980;2015;MUNICIPIO;65;0;0;5;60;5;13;18;5;19;37;28;1;0;1;0;1;1;0;1;0;0;0;0;0;0;0;0;0;0;0;0;0;0;0;0;0;0
314990;2015;MUNICIPIO;144;0;0;19;125;6;23;40;11;45;74;70;3;0;0;0;0;1;0;0;0;0;0;0;0;0;0;0;0;0;0;0;0;0;0;0;0;0
314995;2015;MUNICIPIO;60;0;0;6;54;0;11;19;6;18;26;34;5;0;0;0;0;0;0;0;0;0;0;0;0;0;0;0;0;0;0;0;0;0;0;0;0;0
315000;2015;MUNICIPIO;54;0;0;9;45;1;8;13;8;15;30;24;1;0;1;1;0;1;0;0;0;0;1;0;0;0;0;0;0;0;0;0;0;0;0;0;0;0
315010;2015;MUNICIPIO;19;0;0;1;18;0;2;4;3;9;7;11;0;0;0;0;0;1;0;0;0;0;0;0;0;0;0;0;0;0;0;0;0;0;0;0;0;0
315015;2015;MUNICIPIO;50;0;0;5;45;9;6;11;11;8;34;16;2;0;2;1;1;0;0;1;0;0;1;0;0;0;0;0;0;0;0;0;0;0;0;0;0;0
315020;2015;MUNICIPIO;22;0;0;1;21;1;4;11;1;4;13;9;1;0;0;0;0;0;0;0;0;0;0;0;0;0;0;0;0;0;0;0;0;0;0;0;0;0
315030;2015;MUNICIPIO;35;0;0;2;33;0;7;10;7;9;20;15;0;0;0;0;0;0;0;0;0;0;0;0;0;0;0;0;0;0;0;0;0;0;0;0;0;0
315040;2015;MUNICIPIO;22;0;0;2;20;2;7;5;1;5;16;6;1;0;0;0;0;0;0;0;0;0;0;0;0;0;0;0;0;0;0;0;0;0;0;0;0;0
315050;2015;MUNICIPIO;54;0;0;4;50;2;10;14;8;16;29;25;4;0;0;0;0;0;0;0;0;0;0;0;0;0;0;0;0;0;0;0;0;0;0;0;0;0
315053;2015;MUNICIPIO;24;0;0;2;22;0;3;9;3;7;15;9;1;0;0;0;0;0;0;0;0;0;0;0;0;0;0;0;0;0;0;0;0;0;0;0;0;0
315057;2015;MUNICIPIO;46;0;0;4;42;3;9;11;7;12;30;16;1;0;3;2;1;0;0;1;1;0;1;0;0;0;0;0;0;0;0;0;0;0;0;0;0;0
315060;2015;MUNICIPIO;49;0;0;4;45;1;7;18;6;13;29;20;2;0;0;0;0;0;0;0;0;0;0;0;0;0;0;0;0;0;0;0;0;0;0;0;0;0
315070;2015;MUNICIPIO;32;0;0;8;24;0;5;4;4;11;22;10;1;0;2;2;0;2;0;1;0;0;1;0;0;0;0;0;0;0;0;0;0;0;0;0;0;0
315080;2015;MUNICIPIO;125;0;0;6;119;4;26;36;16;37;65;60;5;0;1;1;0;1;0;0;0;0;1;0;0;0;0;0;0;0;0;0;0;0;0;0;0;0
315090;2015;MUNICIPIO;39;0;0;2;37;1;9;11;3;13;27;12;2;0;1;0;1;0;0;1;0;0;0;0;0;0;0;0;0;0;0;0;0;0;0;0;0;0
315100;2015;MUNICIPIO;55;0;0;2;53;6;9;11;10;17;27;28;1;0;0;0;0;1;0;0;0;0;0;0;0;0;0;0;0;0;0;0;0;0;0;0;0;0
315110;2015;MUNICIPIO;83;0;0;3;80;0;10;34;15;21;40;43;3;0;2;2;0;1;0;2;0;0;0;0;0;0;0;0;0;0;0;0;0;0;0;0;0;0
315120;2015;MUNICIPIO;348;0;0;46;302;21;48;68;40;125;193;155;25;0;5;3;2;4;0;0;0;0;5;0;0;0;0;0;0;0;0;0;0;0;0;0;0;0
315130;2015;MUNICIPIO;85;0;0;5;80;1;20;23;11;25;53;32;2;0;2;1;1;0;0;1;0;0;1;0;0;0;0;0;0;0;0;0;0;0;0;0;0;0
315140;2015;MUNICIPIO;177;0;0;19;158;5;35;40;29;49;110;67;5;0;5;5;0;1;0;2;0;0;0;0;0;0;0;0;0;0;0;0;0;0;0;0;0;0
315150;2015;MUNICIPIO;259;0;0;21;238;21;34;63;49;71;145;114;9;0;2;2;0;1;0;2;0;0;0;0;1;0;0;0;1;0;1;1;0;0;0;0;0;0
315160;2015;MUNICIPIO;63;0;0;9;54;8;12;12;7;15;40;23;4;0;0;0;0;0;0;0;0;0;0;0;0;0;0;0;0;0;0;0;0;0;0;0;0;0
315170;2015;MUNICIPIO;128;0;0;11;117;2;25;50;12;28;76;52;1;0;2;2;0;0;0;2;0;0;0;0;0;0;0;0;0;0;0;0;0;0;0;0;0;0
315180;2015;MUNICIPIO;1163;0;0;70;1093;36;245;342;152;318;631;532;48;0;14;9;5;6;0;12;2;0;0;0;1;0;0;0;1;0;1;1;0;0;0;0;0;0
315190;2015;MUNICIPIO;72;0;0;6;66;2;8;30;6;20;34;38;2;0;1;1;0;0;0;0;0;0;1;0;0;0;0;0;0;0;0;0;0;0;0;0;0;0
315200;2015;MUNICIPIO;219;0;0;34;185;13;41;37;31;63;132;87;11;0;3;1;2;2;0;0;0;0;0;0;0;0;0;0;0;0;0;0;0;0;0;0;0;0
315210;2015;MUNICIPIO;426;0;0;44;382;22;78;121;51;110;220;206;21;0;5;3;2;3;3;1;0;0;4;0;3;3;0;0;0;0;3;1;0;2;0;0;0;0
315213;2015;MUNICIPIO;35;0;0;1;34;2;6;5;6;15;25;10;3;0;1;1;0;0;0;0;0;0;1;0;1;0;0;0;1;0;1;1;0;0;0;1;0;0
315217;2015;MUNICIPIO;81;0;0;14;67;4;12;16;7;28;47;34;6;0;2;2;0;0;0;0;0;0;2;0;1;0;0;0;1;0;1;1;0;0;0;1;0;0
315220;2015;MUNICIPIO;243;0;0;31;212;20;34;46;30;82;144;99;17;0;4;4;0;0;0;1;0;0;2;0;2;0;0;0;1;1;1;1;0;1;0;0;0;0
315230;2015;MUNICIPIO;69;0;0;11;58;2;13;14;5;24;35;34;3;0;0;0;0;1;0;0;0;0;0;0;0;0;0;0;0;0;0;0;0;0;0;0;0;0
315240;2015;MUNICIPIO;111;0;0;20;91;4;6;36;7;38;69;42;6;0;1;1;0;1;0;0;0;0;1;0;0;0;0;0;0;0;0;0;0;0;0;0;0;0
315250;2015;MUNICIPIO;820;0;0;81;739;35;169;187;128;220;478;342;34;0;19;13;6;8;1;17;0;0;0;1;1;1;0;0;0;0;1;0;0;0;1;0;0;0
315260;2015;MUNICIPIO;67;0;0;3;64;2;7;21;7;27;44;23;3;0;0;0;0;0;0;0;0;0;0;0;0;0;0;0;0;0;0;0;0;0;0;0;0;0
315270;2015;MUNICIPIO;62;0;0;3;59;3;10;21;7;18;33;29;1;0;1;1;0;0;0;0;0;0;0;0;0;0;0;0;0;0;0;0;0;0;0;0;0;0
315280;2015;MUNICIPIO;179;0;0;31;148;8;21;54;13;52;94;85;15;0;0;0;0;2;0;0;0;0;0;0;0;0;0;0;0;0;0;0;0;0;0;0;0;0
315290;2015;MUNICIPIO;91;0;0;2;89;10;16;12;18;33;50;41;4;0;2;2;0;0;0;1;1;0;0;0;0;0;0;0;0;0;0;0;0;0;0;0;0;0
315300;2015;MUNICIPIO;19;0;0;0;19;1;5;5;1;7;13;6;0;0;0;0;0;0;0;0;0;0;0;0;0;0;0;0;0;0;0;0;0;0;0;0;0;0
315310;2015;MUNICIPIO;32;0;0;4;28;0;5;15;1;7;13;19;0;0;0;0;0;0;0;0;0;0;0;0;0;0;0;0;0;0;0;0;0;0;0;0;0;0
315320;2015;MUNICIPIO;23;0;0;4;19;3;2;7;1;6;15;8;2;0;0;0;0;0;0;0;0;0;0;0;0;0;0;0;0;0;0;0;0;0;0;0;0;0
315330;2015;MUNICIPIO;24;0;0;3;21;1;5;7;3;5;10;14;3;0;0;0;0;0;0;0;0;0;0;0;0;0;0;0;0;0;0;0;0;0;0;0;0;0
315340;2015;MUNICIPIO;136;0;0;8;128;8;28;38;18;36;87;49;4;0;2;2;0;1;0;1;0;0;1;0;0;0;0;0;0;0;0;0;0;0;0;0;0;0
315350;2015;MUNICIPIO;71;0;0;6;65;2;10;27;13;13;43;28;4;0;0;0;0;0;0;0;0;0;0;0;0;0;0;0;0;0;0;0;0;0;0;0;0;0
315360;2015;MUNICIPIO;57;0;0;9;48;5;9;10;11;13;33;24;2;0;2;2;0;1;0;0;0;0;1;0;0;0;0;0;0;0;0;0;0;0;0;0;0;0
315370;2015;MUNICIPIO;27;0;0;2;25;1;5;8;2;9;11;16;2;0;0;0;0;0;0;0;0;0;0;0;0;0;0;0;0;0;0;0;0;0;0;0;0;0
315380;2015;MUNICIPIO;3;0;0;0;3;1;1;1;0;0;1;2;0;0;0;0;0;0;0;0;0;0;0;0;0;0;0;0;0;0;0;0;0;0;0;0;0;0
315390;2015;MUNICIPIO;110;0;0;9;101;5;15;37;16;28;59;51;7;0;0;0;0;1;0;0;0;0;0;0;0;0;0;0;0;0;0;0;0;0;0;0;0;0
315400;2015;MUNICIPIO;207;0;0;12;195;10;28;72;22;63;113;94;6;0;0;0;0;2;0;0;0;0;0;0;0;0;0;0;0;0;0;0;0;0;0;0;0;0
315410;2015;MUNICIPIO;93;0;0;5;88;7;16;26;13;26;51;42;3;0;1;1;0;0;0;0;0;0;1;0;0;0;0;0;0;0;0;0;0;0;0;0;0;0
315415;2015;MUNICIPIO;48;0;0;6;42;2;7;13;4;16;27;21;2;0;1;0;1;1;0;1;0;0;0;0;0;0;0;0;0;0;0;0;0;0;0;0;0;0
315420;2015;MUNICIPIO;85;0;0;6;79;6;12;37;8;16;46;39;3;0;0;0;0;1;0;0;0;0;0;0;0;0;0;0;0;0;0;0;0;0;0;0;0;0
315430;2015;MUNICIPIO;127;0;0;11;116;4;21;39;10;42;77;50;2;0;6;6;0;0;0;0;0;0;5;1;0;0;0;0;0;0;0;0;0;0;0;0;0;0
315440;2015;MUNICIPIO;41;0;0;4;37;1;7;13;6;10;24;17;3;0;0;0;0;1;0;0;0;0;0;0;0;0;0;0;0;0;0;0;0;0;0;0;0;0
315445;2015;MUNICIPIO;32;0;0;7;25;3;6;5;3;8;24;8;4;0;0;0;0;0;1;0;0;0;0;0;2;1;0;0;0;1;1;1;0;0;0;1;0;0
315450;2015;MUNICIPIO;49;0;0;5;44;4;7;14;5;14;27;22;2;0;0;0;0;3;0;0;0;0;0;0;1;0;0;0;0;1;0;0;0;0;0;0;0;0
315460;2015;MUNICIPIO;1424;0;0;242;1182;69;188;356;139;430;823;601;105;0;38;32;6;21;2;5;1;0;30;0;5;2;0;0;3;0;5;4;0;1;2;2;0;0
315470;2015;MUNICIPIO;34;0;0;3;31;0;11;6;6;8;20;14;0;0;1;1;0;1;0;0;0;0;1;0;0;0;0;0;0;0;0;0;0;0;0;0;0;0
315480;2015;MUNICIPIO;59;0;0;5;54;1;12;16;4;21;40;19;2;0;1;1;0;1;0;0;0;0;1;0;1;0;0;0;1;0;1;1;0;1;0;0;0;0
315490;2015;MUNICIPIO;117;0;0;17;100;8;20;30;15;27;68;49;9;0;1;1;0;0;0;0;0;0;1;0;0;0;0;0;0;0;0;0;0;0;0;0;0;0
315500;2015;MUNICIPIO;17;0;0;1;16;0;4;2;3;7;11;6;1;0;0;0;0;0;0;0;0;0;0;0;0;0;0;0;0;0;0;0;0;0;0;0;0;0
315510;2015;MUNICIPIO;35;0;0;3;32;3;6;11;4;8;18;17;2;0;1;1;0;0;0;0;0;0;1;0;0;0;0;0;0;0;0;0;0;0;0;0;0;0
315520;2015;MUNICIPIO;42;0;0;3;39;1;6;13;4;15;24;18;1;0;1;1;0;0;0;0;0;0;1;0;0;0;0;0;0;0;0;0;0;0;0;0;0;0
315530;2015;MUNICIPIO;15;0;0;1;14;2;3;1;2;6;8;7;1;0;0;0;0;0;0;0;0;0;0;0;0;0;0;0;0;0;0;0;0;0;0;0;0;0
315540;2015;MUNICIPIO;39;0;0;3;36;3;13;6;5;9;21;18;4;0;1;1;0;0;0;0;0;0;1;0;0;0;0;0;0;0;0;0;0;0;0;0;0;0
315550;2015;MUNICIPIO;54;0;0;2;52;3;8;13;8;20;28;26;3;0;0;0;0;0;0;0;0;0;0;0;0;0;0;0;0;0;0;0;0;0;0;0;0;0
315560;2015;MUNICIPIO;153;0;0;13;140;6;23;35;17;59;92;61;4;0;2;2;0;1;0;1;0;0;1;0;0;0;0;0;0;0;0;0;0;0;0;0;0;0
315570;2015;MUNICIPIO;97;0;0;8;89;4;10;27;15;33;55;42;5;0;0;0;0;0;0;0;0;0;0;0;0;0;0;0;0;0;0;0;0;0;0;0;0;0
315580;2015;MUNICIPIO;133;0;0;14;119;3;22;35;23;36;74;59;3;0;3;2;1;1;0;1;0;0;1;0;0;0;0;0;0;0;0;0;0;0;0;0;0;0
315590;2015;MUNICIPIO;42;0;0;3;39;0;8;10;6;15;27;12;0;0;1;0;1;0;0;0;0;0;1;0;0;0;0;0;0;0;0;0;0;0;0;0;0;0
315600;2015;MUNICIPIO;73;0;0;5;68;1;17;18;11;21;44;29;3;0;2;2;0;0;0;0;0;0;2;0;0;0;0;0;0;0;0;0;0;0;0;0;0;0
315610;2015;MUNICIPIO;40;0;0;1;39;0;7;12;8;12;14;26;2;0;0;0;0;0;0;0;0;0;0;0;0;0;0;0;0;0;0;0;0;0;0;0;0;0
315620;2015;MUNICIPIO;11;0;0;0;11;0;5;1;3;2;6;5;1;0;0;0;0;0;0;0;0;0;0;0;0;0;0;0;0;0;0;0;0;0;0;0;0;0
315630;2015;MUNICIPIO;59;0;0;8;51;4;10;8;8;21;29;30;4;0;1;1;0;1;0;0;0;0;1;0;0;0;0;0;0;0;0;0;0;0;0;0;0;0
315640;2015;MUNICIPIO;18;0;0;1;17;2;1;6;1;7;10;8;1;0;1;1;0;0;0;0;1;0;0;0;0;0;0;0;0;0;0;0;0;0;0;0;0;0
315645;2015;MUNICIPIO;34;0;0;7;27;0;7;9;5;6;21;13;6;0;2;2;0;0;0;1;0;0;1;0;0;0;0;0;0;0;0;0;0;0;0;0;0;0
315650;2015;MUNICIPIO;48;0;0;3;45;2;2;8;8;25;28;20;0;0;1;0;1;0;0;1;0;0;0;0;0;0;0;0;0;0;0;0;0;0;0;0;0;0
315660;2015;MUNICIPIO;79;0;0;2;77;4;11;25;10;27;41;38;4;0;3;3;0;0;0;2;0;0;1;0;0;0;0;0;0;0;0;0;0;0;0;0;0;0
315670;2015;MUNICIPIO;722;0;0;125;597;32;120;180;73;192;406;316;45;0;10;10;0;7;0;4;1;0;5;0;1;0;1;0;0;0;1;1;0;1;0;0;0;0
315680;2015;MUNICIPIO;118;0;0;7;111;4;23;38;7;39;76;42;4;0;2;1;1;1;0;0;0;0;1;0;0;0;0;0;0;0;0;0;0;0;0;0;0;0
315690;2015;MUNICIPIO;159;0;0;15;144;8;21;45;25;45;83;76;9;0;0;0;0;1;0;0;0;0;0;0;0;0;0;0;0;0;0;0;0;0;0;0;0;0
315700;2015;MUNICIPIO;290;0;0;15;275;15;36;63;38;123;157;133;19;0;2;2;0;1;0;1;0;0;1;0;0;0;0;0;0;0;0;0;0;0;0;0;0;0
315710;2015;MUNICIPIO;46;0;0;5;41;1;9;6;1;24;29;17;3;0;0;0;0;0;0;0;0;0;0;0;0;0;0;0;0;0;0;0;0;0;0;0;0;0
315720;2015;MUNICIPIO;167;0;0;16;151;14;27;35;24;51;96;71;11;0;6;5;1;1;0;1;0;0;2;0;1;0;0;0;1;0;1;1;0;0;0;0;0;0
315725;2015;MUNICIPIO;54;0;0;7;47;2;4;21;7;13;28;26;4;0;1;1;0;0;0;1;0;0;0;0;1;0;0;0;1;0;1;1;0;1;0;0;0;0
315727;2015;MUNICIPIO;21;0;0;3;18;1;2;5;4;6;15;6;0;0;1;0;1;0;0;1;0;0;0;0;0;0;0;0;0;0;0;0;0;0;0;0;0;0
315730;2015;MUNICIPIO;29;0;0;8;21;0;3;6;5;7;14;15;1;0;0;0;0;1;0;0;0;0;0;0;0;0;0;0;0;0;0;0;0;0;0;0;0;0
315733;2015;MUNICIPIO;58;0;0;7;51;2;11;18;4;16;33;25;3;0;1;1;0;0;0;0;0;0;0;0;0;0;0;0;0;0;0;0;0;0;0;0;0;0
315737;2015;MUNICIPIO;28;0;0;7;21;0;4;13;1;3;18;10;2;0;0;0;0;0;0;0;0;0;0;0;1;0;0;0;0;1;0;0;0;0;0;0;0;0
315740;2015;MUNICIPIO;41;0;0;2;39;3;11;14;7;4;22;19;1;0;0;0;0;0;0;0;0;0;0;0;0;0;0;0;0;0;0;0;0;0;0;0;0;0
315750;2015;MUNICIPIO;22;0;0;2;20;1;2;6;2;9;12;10;1;0;1;1;0;1;0;0;0;0;1;0;0;0;0;0;0;0;0;0;0;0;0;0;0;0
315760;2015;MUNICIPIO;18;0;0;2;16;1;0;5;2;8;9;9;2;0;0;0;0;0;0;0;0;0;0;0;0;0;0;0;0;0;0;0;0;0;0;0;0;0
315765;2015;MUNICIPIO;36;0;0;1;35;1;7;8;10;9;20;16;3;0;0;0;0;1;0;0;0;0;0;0;0;0;0;0;0;0;0;0;0;0;0;0;0;0
315770;2015;MUNICIPIO;57;0;0;4;53;7;11;16;6;13;35;22;1;0;1;0;1;2;0;1;0;0;0;0;0;0;0;0;0;0;0;0;0;0;0;0;0;0
315780;2015;MUNICIPIO;1180;0;0;168;1012;38;203;313;110;348;677;503;70;0;21;16;5;11;0;6;1;0;13;0;2;0;0;0;2;0;2;2;0;0;1;1;0;0
315790;2015;MUNICIPIO;87;0;0;14;73;6;9;40;4;14;43;44;4;0;1;1;0;0;0;0;0;0;1;0;0;0;0;0;0;0;0;0;0;0;0;0;0;0
315800;2015;MUNICIPIO;81;0;0;4;77;4;11;13;15;34;49;32;2;0;1;1;0;0;0;0;0;0;1;0;0;0;0;0;0;0;0;0;0;0;0;0;0;0
315810;2015;MUNICIPIO;23;0;0;3;20;0;1;10;6;3;14;9;0;0;0;0;0;0;0;0;0;0;0;0;0;0;0;0;0;0;0;0;0;0;0;0;0;0
315820;2015;MUNICIPIO;117;0;0;17;100;0;19;36;11;34;64;53;2;0;4;4;0;0;0;0;0;0;4;0;1;0;0;0;1;0;1;0;0;0;0;0;0;0
315830;2015;MUNICIPIO;49;0;0;3;46;0;8;16;4;18;29;20;3;0;1;1;0;0;0;1;0;0;0;0;0;0;0;0;0;0;0;0;0;0;0;0;0;0
315840;2015;MUNICIPIO;39;0;0;3;36;0;4;17;2;13;19;20;1;0;0;0;0;0;0;0;0;0;0;0;0;0;0;0;0;0;0;0;0;0;0;0;0;0
315850;2015;MUNICIPIO;43;0;0;2;41;3;5;13;7;13;27;16;2;0;0;0;0;0;0;0;0;0;0;0;0;0;0;0;0;0;0;0;0;0;0;0;0;0
315860;2015;MUNICIPIO;14;0;0;0;14;0;4;1;5;4;8;6;1;0;0;0;0;0;0;0;0;0;0;0;0;0;0;0;0;0;0;0;0;0;0;0;0;0
315870;2015;MUNICIPIO;23;0;0;2;21;1;1;8;5;6;11;12;3;0;0;0;0;0;0;0;0;0;0;0;0;0;0;0;0;0;0;0;0;0;0;0;0;0
315880;2015;MUNICIPIO;33;0;0;3;30;0;3;11;7;9;21;12;0;0;0;0;0;0;0;0;0;0;0;0;0;0;0;0;0;0;0;0;0;0;0;0;0;0
315890;2015;MUNICIPIO;47;0;0;4;43;0;10;16;4;13;29;18;2;0;0;0;0;0;0;0;0;0;0;0;1;0;0;0;0;1;0;0;0;0;0;0;0;0
315895;2015;MUNICIPIO;159;0;0;29;130;10;28;42;19;31;96;63;13;0;6;5;1;2;0;1;0;0;0;0;0;0;0;0;0;0;0;0;0;0;0;0;0;0
315900;2015;MUNICIPIO;24;0;0;3;21;0;7;6;5;3;14;10;2;0;0;0;0;0;0;0;0;0;0;0;0;0;0;0;0;0;0;0;0;0;0;0;0;0
315910;2015;MUNICIPIO;25;0;0;3;22;1;6;3;4;8;14;11;2;0;1;1;0;0;0;0;0;0;1;0;0;0;0;0;0;0;0;0;0;0;0;0;0;0
315920;2015;MUNICIPIO;67;0;0;9;58;1;14;18;10;15;42;25;2;0;1;1;0;0;0;1;0;0;0;0;0;0;0;0;0;0;0;0;0;0;0;0;0;0
315930;2015;MUNICIPIO;45;0;0;3;42;2;5;7;11;17;22;23;2;0;2;2;0;0;0;0;0;0;0;0;0;0;0;0;0;0;0;0;0;0;0;0;0;0
315935;2015;MUNICIPIO;79;0;0;12;67;7;4;26;10;20;45;34;9;0;0;0;0;1;0;0;0;0;0;0;0;0;0;0;0;0;0;0;0;0;0;0;0;0
315940;2015;MUNICIPIO;18;0;0;1;17;0;1;6;4;6;11;7;0;0;2;2;0;0;0;0;0;0;0;0;0;0;0;0;0;0;0;0;0;0;0;0;0;0
315950;2015;MUNICIPIO;26;0;0;2;24;1;4;11;1;7;16;10;1;0;2;2;0;0;0;0;0;0;2;0;0;0;0;0;0;0;0;0;0;0;0;0;0;0
315960;2015;MUNICIPIO;273;0;0;20;253;9;48;78;40;78;147;126;13;0;3;3;0;0;0;3;0;0;0;0;0;0;0;0;0;0;0;0;0;0;0;0;0;0
315970;2015;MUNICIPIO;19;0;0;1;18;1;0;6;5;6;11;8;0;0;0;0;0;1;0;0;0;0;0;0;0;0;0;0;0;0;0;0;0;0;0;0;0;0
315980;2015;MUNICIPIO;146;0;0;23;123;9;30;39;25;20;91;55;11;0;1;1;0;1;0;0;0;0;1;0;0;0;0;0;0;0;0;0;0;0;0;0;0;0
315990;2015;MUNICIPIO;119;0;0;11;108;7;23;35;11;32;67;52;6;0;3;3;0;1;0;2;0;0;1;0;1;0;1;0;0;0;1;1;0;0;1;0;0;0
316000;2015;MUNICIPIO;26;0;0;3;23;0;3;10;6;4;19;7;1;0;0;0;0;0;1;0;0;0;0;0;1;1;0;0;0;0;1;1;0;0;0;1;0;0
316010;2015;MUNICIPIO;37;0;0;2;35;1;5;11;5;13;19;18;2;0;0;0;0;0;0;0;0;0;0;0;0;0;0;0;0;0;0;0;0;0;0;0;0;0
316020;2015;MUNICIPIO;28;0;0;0;28;4;3;8;4;9;11;17;3;0;1;0;1;0;0;0;0;0;1;0;0;0;0;0;0;0;0;0;0;0;0;0;0;0
316030;2015;MUNICIPIO;72;0;0;5;67;5;15;19;8;20;44;28;3;0;3;3;0;2;0;1;0;0;2;0;0;0;0;0;0;0;0;0;0;0;0;0;0;0
316040;2015;MUNICIPIO;148;0;0;22;126;5;35;41;19;26;85;63;8;0;3;1;2;0;0;1;0;0;0;0;0;0;0;0;0;0;0;0;0;0;0;0;0;0
316045;2015;MUNICIPIO;45;0;0;6;39;1;3;15;6;14;26;19;3;0;1;1;0;0;0;0;0;0;1;0;0;0;0;0;0;0;0;0;0;0;0;0;0;0
316050;2015;MUNICIPIO;15;0;0;0;15;1;3;3;5;3;5;10;0;0;0;0;0;0;0;0;0;0;0;0;0;0;0;0;0;0;0;0;0;0;0;0;0;0
316060;2015;MUNICIPIO;28;0;0;1;27;1;4;10;2;10;16;12;0;0;0;0;0;0;0;0;0;0;0;0;0;0;0;0;0;0;0;0;0;0;0;0;0;0
316070;2015;MUNICIPIO;357;0;0;27;330;6;58;119;38;109;186;170;21;0;3;2;1;0;0;1;2;0;0;0;0;0;0;0;0;0;0;0;0;0;0;0;0;0
316080;2015;MUNICIPIO;24;0;0;3;21;1;11;2;2;5;13;11;2;0;1;0;1;0;0;0;1;0;0;0;1;0;0;0;1;0;1;1;0;0;0;0;0;0
316090;2015;MUNICIPIO;30;0;0;3;27;0;8;7;1;11;23;7;0;0;0;0;0;0;0;0;0;0;0;0;0;0;0;0;0;0;0;0;0;0;0;0;0;0
316095;2015;MUNICIPIO;28;0;0;3;25;1;5;6;6;7;18;10;1;0;1;1;0;0;0;1;0;0;0;0;0;0;0;0;0;0;0;0;0;0;0;0;0;0
316100;2015;MUNICIPIO;122;0;0;13;109;7;22;27;18;35;70;52;5;0;0;0;0;0;0;0;0;0;0;0;0;0;0;0;0;0;0;0;0;0;0;0;0;0
316105;2015;MUNICIPIO;27;0;0;4;23;0;1;12;3;7;14;13;1;0;1;1;0;0;0;0;0;0;1;0;0;0;0;0;0;0;0;0;0;0;0;0;0;0
316110;2015;MUNICIPIO;401;0;0;36;365;33;42;75;41;174;223;178;26;0;11;9;2;4;3;4;0;0;5;0;6;3;2;0;1;0;6;2;2;2;1;0;0;0
316120;2015;MUNICIPIO;37;0;0;4;33;1;7;8;6;11;24;13;2;0;2;1;1;0;0;2;0;0;0;0;0;0;0;0;0;0;0;0;0;0;0;0;0;0
316130;2015;MUNICIPIO;33;0;0;3;30;2;3;13;4;8;19;14;2;0;0;0;0;0;0;0;0;0;0;0;0;0;0;0;0;0;0;0;0;0;0;0;0;0
316140;2015;MUNICIPIO;48;0;0;5;43;3;9;10;9;12;27;21;2;0;1;0;1;1;0;0;0;0;1;0;0;0;0;0;0;0;0;0;0;0;0;0;0;0
316150;2015;MUNICIPIO;72;0;0;7;65;1;17;23;11;13;37;35;7;0;0;0;0;0;0;0;0;0;0;0;0;0;0;0;0;0;0;0;0;0;0;0;0;0
316160;2015;MUNICIPIO;39;0;0;3;36;3;8;7;4;14;22;17;5;0;1;1;0;0;0;0;0;0;1;0;0;0;0;0;0;0;0;0;0;0;0;0;0;0
316165;2015;MUNICIPIO;15;0;0;1;14;1;1;6;3;3;5;10;2;0;0;0;0;0;0;0;0;0;0;0;0;0;0;0;0;0;0;0;0;0;0;0;0;0
316170;2015;MUNICIPIO;37;0;0;3;34;3;2;12;5;12;22;15;4;0;3;2;1;0;0;3;0;0;0;0;0;0;0;0;0;0;0;0;0;0;0;0;0;0
316180;2015;MUNICIPIO;78;0;0;11;67;1;8;19;11;28;46;32;5;0;0;0;0;1;0;0;0;0;0;0;0;0;0;0;0;0;0;0;0;0;0;0;0;0
316190;2015;MUNICIPIO;59;0;0;11;48;3;14;9;5;17;32;27;6;0;1;0;1;0;0;0;0;0;1;0;0;0;0;0;0;0;0;0;0;0;0;0;0;0
316200;2015;MUNICIPIO;174;0;0;12;162;5;24;66;21;46;103;71;5;0;5;5;0;1;0;3;0;0;2;0;0;0;0;0;0;0;0;0;0;0;0;0;0;0
316210;2015;MUNICIPIO;185;0;0;26;159;8;31;57;16;47;104;80;13;0;5;4;1;3;0;2;0;0;3;0;1;0;0;0;1;0;1;1;0;0;0;0;0;0
316220;2015;MUNICIPIO;47;0;0;2;45;2;5;15;11;12;20;27;0;0;0;0;0;1;0;0;0;0;0;0;0;0;0;0;0;0;0;0;0;0;0;0;0;0
316225;2015;MUNICIPIO;28;0;0;5;23;3;5;5;2;8;13;15;1;0;0;0;0;1;0;0;0;0;0;0;1;0;0;0;1;0;1;1;0;0;0;1;0;0
316230;2015;MUNICIPIO;22;0;0;2;20;1;5;6;4;4;10;12;3;0;1;1;0;0;0;1;0;0;0;0;0;0;0;0;0;0;0;0;0;0;0;0;0;0
316240;2015;MUNICIPIO;173;0;0;12;161;18;26;38;27;52;99;74;5;0;1;1;0;2;0;1;0;0;0;0;1;0;1;0;0;0;1;0;0;0;1;0;0;0
316245;2015;MUNICIPIO;86;0;0;5;81;3;8;24;11;35;51;35;4;0;3;3;0;0;0;0;0;0;1;2;1;0;1;0;0;0;1;1;0;0;0;0;0;0
316250;2015;MUNICIPIO;660;0;0;59;601;23;97;193;96;192;370;290;26;0;6;4;2;3;0;1;0;0;2;0;1;0;0;0;1;0;1;1;0;0;0;0;0;0
316255;2015;MUNICIPIO;54;0;0;7;47;1;10;11;3;22;32;22;1;0;0;0;0;2;0;0;0;0;0;0;0;0;0;0;0;0;0;0;0;0;0;0;0;0
316257;2015;MUNICIPIO;24;0;0;5;19;0;2;6;2;9;16;8;1;0;0;0;0;0;0;0;0;0;0;0;0;0;0;0;0;0;0;0;0;0;0;0;0;0
316260;2015;MUNICIPIO;64;0;0;2;62;2;7;21;15;17;34;29;1;0;2;2;0;0;0;0;0;0;1;0;0;0;0;0;0;0;0;0;0;0;0;0;0;0
316265;2015;MUNICIPIO;25;0;0;1;24;4;3;8;1;8;14;11;2;0;0;0;0;0;0;0;0;0;0;0;0;0;0;0;0;0;0;0;0;0;0;0;0;0
316270;2015;MUNICIPIO;119;0;0;10;109;6;27;26;9;41;67;52;0;0;8;5;3;2;0;4;0;0;4;0;0;0;0;0;0;0;0;0;0;0;0;0;0;0
316280;2015;MUNICIPIO;119;0;0;5;114;2;19;43;13;37;67;52;6;0;1;1;0;0;0;0;0;0;1;0;1;0;0;0;1;0;1;1;0;1;0;0;0;0
316290;2015;MUNICIPIO;199;0;0;9;190;5;49;59;27;50;109;90;10;0;3;3;0;0;0;3;0;0;0;0;0;0;0;0;0;0;0;0;0;0;0;0;0;0
316292;2015;MUNICIPIO;148;0;0;37;111;5;23;27;15;41;93;54;10;0;3;3;0;0;0;1;0;0;2;0;1;0;0;0;1;0;1;1;0;0;0;0;0;1
316294;2015;MUNICIPIO;39;0;0;2;37;2;8;4;6;17;26;13;1;0;1;1;0;0;0;1;0;0;0;0;0;0;0;0;0;0;0;0;0;0;0;0;0;0
316295;2015;MUNICIPIO;104;0;0;22;82;3;22;25;12;20;57;47;9;0;0;0;0;1;0;0;0;0;0;0;1;0;0;0;1;0;1;1;0;0;0;1;0;0
316300;2015;MUNICIPIO;24;0;0;5;19;0;3;7;3;6;19;5;0;0;0;0;0;1;0;0;0;0;0;0;0;0;0;0;0;0;0;0;0;0;0;0;0;0
316310;2015;MUNICIPIO;22;0;0;4;18;0;1;7;3;7;11;11;1;0;0;0;0;0;0;0;0;0;0;0;0;0;0;0;0;0;0;0;0;0;0;0;0;0
316320;2015;MUNICIPIO;32;0;0;1;31;1;8;3;7;12;17;15;1;0;0;0;0;0;0;0;0;0;0;0;0;0;0;0;0;0;0;0;0;0;0;0;0;0
316330;2015;MUNICIPIO;16;0;0;3;13;0;2;2;2;7;9;7;2;0;0;0;0;0;0;0;0;0;0;0;0;0;0;0;0;0;0;0;0;0;0;0;0;0
316340;2015;MUNICIPIO;42;0;0;3;39;0;7;8;10;14;26;16;0;0;0;0;0;0;0;0;0;0;0;0;0;0;0;0;0;0;0;0;0;0;0;0;0;0
316350;2015;MUNICIPIO;50;0;0;5;45;2;7;18;5;13;28;22;2;0;0;0;0;1;0;0;0;0;0;0;0;0;0;0;0;0;0;0;0;0;0;0;0;0
316360;2015;MUNICIPIO;16;0;0;2;14;4;1;6;3;0;8;8;0;0;0;0;0;0;0;0;0;0;0;0;0;0;0;0;0;0;0;0;0;0;0;0;0;0
316370;2015;MUNICIPIO;348;0;0;34;314;10;72;85;47;100;192;156;10;0;4;2;2;4;0;4;0;0;0;0;0;0;0;0;0;0;0;0;0;0;0;0;0;0
316380;2015;MUNICIPIO;44;0;0;3;41;4;11;11;3;12;19;25;2;0;1;1;0;0;0;1;0;0;0;0;0;0;0;0;0;0;0;0;0;0;0;0;0;0
316390;2015;MUNICIPIO;39;0;0;5;34;0;4;16;6;8;24;15;1;0;0;0;0;0;0;0;0;0;0;0;1;0;0;0;1;0;1;1;0;1;0;0;0;0
316400;2015;MUNICIPIO;55;0;0;4;51;1;7;17;4;22;38;17;0;0;1;1;0;0;0;0;1;0;0;0;0;0;0;0;0;0;0;0;0;0;0;0;0;0
316410;2015;MUNICIPIO;42;0;0;7;35;1;9;13;2;10;30;12;3;0;0;0;0;0;0;0;0;0;0;0;0;0;0;0;0;0;0;0;0;0;0;0;0;0
316420;2015;MUNICIPIO;45;0;0;4;41;4;5;7;5;20;29;16;2;0;4;2;2;0;0;1;0;0;2;0;0;0;0;0;0;0;0;0;0;0;0;0;0;0
316430;2015;MUNICIPIO;57;0;0;6;51;6;6;12;8;19;33;24;1;0;1;0;1;0;0;0;0;0;1;0;0;0;0;0;0;0;0;0;0;0;0;0;0;0
316440;2015;MUNICIPIO;39;0;0;6;33;0;4;9;8;12;23;16;3;0;1;0;1;0;0;1;0;0;0;0;1;0;0;0;1;0;1;1;0;0;1;0;0;0
316443;2015;MUNICIPIO;19;0;0;5;14;1;0;8;2;3;11;8;2;0;0;0;0;0;0;0;0;0;0;0;0;0;0;0;0;0;0;0;0;0;0;0;0;0
316447;2015;MUNICIPIO;29;0;0;5;24;5;4;9;2;4;19;10;0;0;0;0;0;2;0;0;0;0;0;0;0;0;0;0;0;0;0;0;0;0;0;0;0;0
316450;2015;MUNICIPIO;63;0;0;12;51;1;12;14;2;22;33;30;8;0;0;0;0;0;0;0;0;0;0;0;0;0;0;0;0;0;0;0;0;0;0;0;0;0
316460;2015;MUNICIPIO;38;0;0;3;35;1;4;11;8;11;21;17;3;0;1;1;0;0;0;0;1;0;0;0;0;0;0;0;0;0;0;0;0;0;0;0;0;0
316470;2015;MUNICIPIO;489;0;0;29;460;27;68;106;106;153;262;227;14;0;7;7;0;2;1;1;0;0;0;0;1;1;0;0;0;0;1;0;0;0;0;0;0;0
316480;2015;MUNICIPIO;16;0;0;2;14;1;2;4;2;5;9;7;1;0;1;1;0;0;0;0;0;0;1;0;0;0;0;0;0;0;0;0;0;0;0;0;0;0
316490;2015;MUNICIPIO;16;0;0;0;16;2;3;5;2;4;6;10;0;0;0;0;0;0;0;0;0;0;0;0;0;0;0;0;0;0;0;0;0;0;0;0;0;0
316500;2015;MUNICIPIO;82;0;0;6;76;2;9;21;9;35;46;36;3;0;4;4;0;0;0;0;0;0;0;0;1;0;0;0;1;0;1;1;0;0;0;1;0;0
316510;2015;MUNICIPIO;48;0;0;3;45;5;10;12;8;10;26;22;3;0;0;0;0;1;0;0;0;0;0;0;0;0;0;0;0;0;0;0;0;0;0;0;0;0
316520;2015;MUNICIPIO;44;0;0;6;38;0;6;11;10;11;24;20;5;0;1;1;0;0;0;0;0;0;1;0;0;0;0;0;0;0;0;0;0;0;0;0;0;0
316530;2015;MUNICIPIO;37;0;0;3;34;0;4;11;7;12;21;16;3;0;2;1;1;0;0;1;0;0;0;0;0;0;0;0;0;0;0;0;0;0;0;0;0;0
316540;2015;MUNICIPIO;30;0;0;1;29;2;3;10;5;9;17;13;3;0;0;0;0;0;0;0;0;0;0;0;0;0;0;0;0;0;0;0;0;0;0;0;0;0
316550;2015;MUNICIPIO;42;0;0;3;39;1;9;10;7;12;25;17;1;0;1;1;0;0;0;0;0;0;1;0;0;0;0;0;0;0;0;0;0;0;0;0;0;0
316553;2015;MUNICIPIO;146;0;0;18;128;7;29;25;13;54;79;67;9;0;7;4;3;0;0;0;0;0;7;0;0;0;0;0;0;0;0;0;0;0;0;0;0;0
316555;2015;MUNICIPIO;65;0;0;7;58;1;6;20;3;28;32;33;5;0;2;2;0;1;1;1;0;0;1;0;1;1;0;0;0;0;1;1;0;0;1;0;0;0
316556;2015;MUNICIPIO;24;0;0;4;20;0;7;5;3;5;13;11;0;0;1;1;0;0;0;0;0;0;1;0;0;0;0;0;0;0;0;0;0;0;0;0;0;0
316557;2015;MUNICIPIO;30;0;0;1;29;0;8;7;2;12;18;12;3;0;1;0;1;0;0;1;0;0;0;0;0;0;0;0;0;0;0;0;0;0;0;0;0;0
316560;2015;MUNICIPIO;19;0;0;0;19;0;5;7;5;2;11;8;2;0;0;0;0;0;0;0;0;0;0;0;1;0;0;0;1;0;1;1;0;0;0;0;0;0
316570;2015;MUNICIPIO;73;0;0;9;64;3;11;22;6;22;42;31;2;0;0;0;0;0;0;0;0;0;0;0;0;0;0;0;0;0;0;0;0;0;0;0;0;0
316580;2015;MUNICIPIO;18;0;0;0;18;0;6;5;1;6;15;3;0;0;1;1;0;1;0;1;0;0;0;0;0;0;0;0;0;0;0;0;0;0;0;0;0;0
316590;2015;MUNICIPIO;32;0;0;3;29;2;2;10;4;11;20;12;2;0;1;0;1;0;0;1;0;0;0;0;0;0;0;0;0;0;0;0;0;0;0;0;0;0
316600;2015;MUNICIPIO;36;0;0;6;30;0;4;9;9;8;17;19;2;0;0;0;0;0;0;0;0;0;0;0;0;0;0;0;0;0;0;0;0;0;0;0;0;0
316610;2015;MUNICIPIO;27;0;0;5;22;1;3;8;2;8;15;12;1;0;1;1;0;1;0;0;0;1;0;0;0;0;0;0;0;0;0;0;0;0;0;0;0;0
316620;2015;MUNICIPIO;71;0;0;6;65;3;11;25;11;15;46;25;2;0;0;0;0;0;0;0;0;0;0;0;0;0;0;0;0;0;0;0;0;0;0;0;0;0
316630;2015;MUNICIPIO;52;0;0;6;46;1;5;24;3;13;34;18;2;0;2;2;0;0;0;1;1;0;0;0;0;0;0;0;0;0;0;0;0;0;0;0;0;0
316640;2015;MUNICIPIO;16;0;0;0;16;1;4;6;3;2;11;5;0;0;0;0;0;0;0;0;0;0;0;0;0;0;0;0;0;0;0;0;0;0;0;0;0;0
316650;2015;MUNICIPIO;17;0;0;2;15;1;4;1;0;9;8;9;2;0;3;2;1;0;0;1;0;0;2;0;0;0;0;0;0;0;0;0;0;0;0;0;0;0
316660;2015;MUNICIPIO;7;0;0;1;6;0;1;2;0;3;4;3;1;0;0;0;0;0;0;0;0;0;0;0;0;0;0;0;0;0;0;0;0;0;0;0;0;0
316670;2015;MUNICIPIO;72;0;0;5;67;4;14;19;7;23;40;32;4;0;1;0;1;0;1;0;0;0;1;0;2;1;1;0;0;0;2;2;0;0;0;2;0;0
316680;2015;MUNICIPIO;51;0;0;5;46;6;4;20;4;12;28;23;7;0;1;1;0;1;0;0;0;0;1;0;0;0;0;0;0;0;0;0;0;0;0;0;0;0
316690;2015;MUNICIPIO;66;0;0;3;63;1;10;19;19;14;36;30;2;0;1;0;1;0;0;1;0;0;0;0;0;0;0;0;0;0;0;0;0;0;0;0;0;0
316695;2015;MUNICIPIO;26;0;0;2;24;2;1;5;3;13;12;14;0;0;1;1;0;2;0;0;0;0;1;0;0;0;0;0;0;0;0;0;0;0;0;0;0;0
316700;2015;MUNICIPIO;11;0;0;3;8;1;1;3;1;2;9;2;0;0;0;0;0;0;0;0;0;0;0;0;0;0;0;0;0;0;0;0;0;0;0;0;0;0
316710;2015;MUNICIPIO;137;0;0;6;131;3;24;29;14;61;78;59;8;0;4;4;0;2;0;0;0;0;3;0;0;0;0;0;0;0;0;0;0;0;0;0;0;0
316720;2015;MUNICIPIO;1392;0;0;187;1205;58;266;326;148;407;767;625;86;0;24;14;10;11;1;2;0;0;3;0;4;1;0;0;2;1;3;3;0;0;0;1;0;0
316730;2015;MUNICIPIO;10;0;0;0;10;0;2;3;1;4;6;4;0;0;0;0;0;0;0;0;0;0;0;0;0;0;0;0;0;0;0;0;0;0;0;0;0;0
316740;2015;MUNICIPIO;62;0;0;3;59;1;12;12;9;25;38;24;3;0;1;1;0;0;0;1;0;0;0;0;0;0;0;0;0;0;0;0;0;0;0;0;0;0
316750;2015;MUNICIPIO;27;0;0;2;25;1;8;9;0;7;18;9;0;0;0;0;0;0;0;0;0;0;0;0;0;0;0;0;0;0;0;0;0;0;0;0;0;0
316760;2015;MUNICIPIO;114;0;0;13;101;5;17;27;15;37;64;50;12;0;7;6;1;1;0;2;0;0;4;0;0;0;0;0;0;0;0;0;0;0;0;0;0;0
316770;2015;MUNICIPIO;53;0;0;7;46;1;11;13;8;13;25;28;3;0;0;0;0;0;0;0;0;0;0;0;0;0;0;0;0;0;0;0;0;0;0;0;0;0
316780;2015;MUNICIPIO;43;0;0;4;39;0;10;8;5;16;26;17;2;0;1;1;0;0;0;0;1;0;0;0;0;0;0;0;0;0;0;0;0;0;0;0;0;0
316790;2015;MUNICIPIO;20;0;0;0;20;1;2;9;3;5;12;8;0;0;0;0;0;0;0;0;0;0;0;0;0;0;0;0;0;0;0;0;0;0;0;0;0;0
316800;2015;MUNICIPIO;182;0;0;22;160;6;29;32;30;63;101;81;10;0;1;1;0;1;0;1;0;0;0;0;1;0;0;0;0;1;0;0;0;0;0;0;0;0
316805;2015;MUNICIPIO;26;0;0;4;22;1;5;9;4;3;15;11;0;0;0;0;0;0;0;0;0;0;0;0;0;0;0;0;0;0;0;0;0;0;0;0;0;0
316810;2015;MUNICIPIO;29;0;0;4;25;0;2;10;3;10;13;16;1;0;0;0;0;0;0;0;0;0;0;0;0;0;0;0;0;0;0;0;0;0;0;0;0;0
316820;2015;MUNICIPIO;4;0;0;1;3;0;3;0;0;0;3;1;0;0;0;0;0;0;0;0;0;0;0;0;0;0;0;0;0;0;0;0;0;0;0;0;0;0
316830;2015;MUNICIPIO;28;0;0;4;24;2;5;8;5;4;17;11;1;0;0;0;0;0;0;0;0;0;0;0;0;0;0;0;0;0;0;0;0;0;0;0;0;0
316840;2015;MUNICIPIO;107;0;0;19;88;6;12;22;11;37;62;45;8;0;1;1;0;0;0;0;0;0;1;0;0;0;0;0;0;0;0;0;0;0;0;0;0;0
316850;2015;MUNICIPIO;75;0;0;7;68;0;7;25;10;26;47;28;4;0;0;0;0;0;0;0;0;0;0;0;0;0;0;0;0;0;0;0;0;0;0;0;0;0
316860;2015;MUNICIPIO;1089;0;0;122;967;27;170;239;115;416;592;497;55;0;15;10;5;9;0;1;0;0;14;0;1;0;0;0;0;1;0;0;0;0;0;0;0;0
316870;2015;MUNICIPIO;528;0;0;52;476;46;93;116;64;157;293;235;26;0;9;7;2;5;0;1;0;0;3;0;1;0;0;0;0;1;0;0;0;0;0;0;0;0
316880;2015;MUNICIPIO;60;0;0;5;55;2;16;18;6;13;36;24;3;0;0;0;0;0;0;0;0;0;0;0;0;0;0;0;0;0;0;0;0;0;0;0;0;0
316890;2015;MUNICIPIO;55;0;0;7;48;3;11;14;7;13;35;20;1;0;2;1;1;0;0;2;0;0;0;0;0;0;0;0;0;0;0;0;0;0;0;0;0;0
316900;2015;MUNICIPIO;133;0;0;17;116;7;22;25;22;40;81;52;3;0;4;4;0;0;0;1;0;0;1;0;0;0;0;0;0;0;0;0;0;0;0;0;0;0
316905;2015;MUNICIPIO;32;0;0;2;30;1;7;10;2;10;18;14;2;0;0;0;0;0;0;0;0;0;0;0;0;0;0;0;0;0;0;0;0;0;0;0;0;0
316910;2015;MUNICIPIO;38;0;0;1;37;0;5;13;6;13;21;17;1;0;0;0;0;1;0;0;0;0;0;0;0;0;0;0;0;0;0;0;0;0;0;0;0;0
316920;2015;MUNICIPIO;85;0;0;9;76;8;13;27;6;22;50;35;0;0;0;0;0;0;0;0;0;0;0;0;0;0;0;0;0;0;0;0;0;0;0;0;0;0
316930;2015;MUNICIPIO;488;0;0;40;448;17;86;105;59;181;275;213;28;0;6;5;1;3;0;2;0;0;4;0;0;0;0;0;0;0;0;0;0;0;0;0;0;0
316935;2015;MUNICIPIO;179;0;0;15;164;12;25;43;16;68;86;93;6;0;5;5;0;3;0;1;0;0;2;0;0;0;0;0;0;0;0;0;0;0;0;0;0;0
316940;2015;MUNICIPIO;376;0;0;22;354;10;73;110;50;111;206;170;23;0;6;4;2;0;0;5;0;0;1;0;0;0;0;0;0;0;0;0;0;0;0;0;0;0
316950;2015;MUNICIPIO;42;0;0;8;34;1;10;10;5;8;27;15;0;0;1;1;0;1;0;0;0;0;0;0;0;0;0;0;0;0;0;0;0;0;0;0;0;0
316960;2015;MUNICIPIO;164;0;0;11;153;7;20;41;17;68;90;74;4;0;3;3;0;1;0;2;0;0;1;0;0;0;0;0;0;0;0;0;0;0;0;0;0;0
316970;2015;MUNICIPIO;82;0;0;9;73;9;12;21;13;18;49;33;1;0;2;2;0;0;0;0;0;0;2;0;0;0;0;0;0;0;0;0;0;0;0;0;0;0
316980;2015;MUNICIPIO;43;0;0;3;40;1;9;10;9;11;30;13;1;0;1;1;0;0;0;1;0;0;0;0;0;0;0;0;0;0;0;0;0;0;0;0;0;0
316990;2015;MUNICIPIO;705;0;0;85;620;23;106;159;88;244;399;306;42;0;10;8;2;5;2;2;0;0;4;0;3;2;0;0;1;0;3;3;0;0;1;1;0;0
317000;2015;MUNICIPIO;80;0;0;8;72;4;15;8;12;33;52;28;0;0;3;1;2;0;0;1;0;0;2;0;0;0;0;0;0;0;0;0;0;0;0;0;0;0
317005;2015;MUNICIPIO;78;0;0;9;69;5;11;18;12;23;44;34;2;0;2;1;1;2;0;0;0;0;2;0;0;0;0;0;0;0;0;0;0;0;0;0;0;0
317010;2015;MUNICIPIO;2288;0;0;210;2078;175;400;624;368;511;1299;986;110;0;31;24;7;10;1;18;5;0;8;0;4;1;0;0;3;0;4;4;0;0;0;2;0;2
317020;2015;MUNICIPIO;3806;0;0;413;3393;251;710;1022;453;957;2133;1671;205;0;63;51;12;19;1;28;2;0;31;0;2;1;0;0;1;0;2;2;0;0;1;1;0;0
317030;2015;MUNICIPIO;25;0;0;2;23;0;6;5;3;9;19;6;1;0;2;2;0;0;0;1;0;0;1;0;0;0;0;0;0;0;0;0;0;0;0;0;0;0
317040;2015;MUNICIPIO;478;0;0;67;411;38;61;107;35;170;297;181;18;0;8;7;1;3;0;2;0;0;6;0;0;0;0;0;0;0;0;0;0;0;0;0;0;0
317043;2015;MUNICIPIO;22;0;0;4;18;0;2;7;2;7;17;5;1;0;1;1;0;0;0;0;1;0;0;0;0;0;0;0;0;0;0;0;0;0;0;0;0;0
317047;2015;MUNICIPIO;18;0;0;2;16;0;4;7;1;4;7;11;3;0;0;0;0;0;0;0;0;0;0;0;0;0;0;0;0;0;0;0;0;0;0;0;0;0
317050;2015;MUNICIPIO;66;0;0;8;58;6;13;14;13;12;32;34;5;0;1;0;1;1;0;1;0;0;0;0;0;0;0;0;0;0;0;0;0;0;0;0;0;0
317052;2015;MUNICIPIO;46;0;0;6;40;3;7;11;2;17;28;18;2;0;4;4;0;1;0;1;0;0;3;0;0;0;0;0;0;0;0;0;0;0;0;0;0;0
317057;2015;MUNICIPIO;47;0;0;6;41;8;6;14;5;8;27;20;1;0;1;1;0;0;0;1;0;0;0;0;0;0;0;0;0;0;0;0;0;0;0;0;0;0
317060;2015;MUNICIPIO;13;0;0;2;11;3;1;4;0;3;8;5;1;0;0;0;0;0;0;0;0;0;0;0;0;0;0;0;0;0;0;0;0;0;0;0;0;0
317065;2015;MUNICIPIO;28;0;0;4;24;1;8;5;3;7;18;10;1;0;1;1;0;0;0;0;0;0;1;0;0;0;0;0;0;0;0;0;0;0;0;0;0;0
317070;2015;MUNICIPIO;787;0;0;74;713;30;152;198;111;222;410;377;43;0;15;13;2;9;0;9;0;0;4;0;1;0;1;0;0;0;1;1;0;0;0;0;0;0
317075;2015;MUNICIPIO;41;0;0;9;32;2;3;9;5;13;23;18;4;0;2;0;2;1;0;0;0;0;2;0;0;0;0;0;0;0;0;0;0;0;0;0;0;0
317080;2015;MUNICIPIO;216;0;0;38;178;8;29;44;17;80;131;85;12;0;4;3;1;1;0;0;0;0;4;0;0;0;0;0;0;0;0;0;0;0;0;0;0;0
317090;2015;MUNICIPIO;90;0;0;10;80;3;12;20;9;36;57;33;4;0;2;1;1;2;0;0;0;0;1;0;0;0;0;0;0;0;0;0;0;0;0;0;0;0
317100;2015;MUNICIPIO;112;0;0;4;108;8;23;32;16;29;62;50;8;0;3;3;0;2;0;2;0;0;1;0;1;0;0;0;1;0;1;0;0;0;0;0;0;0
317103;2015;MUNICIPIO;53;0;0;15;38;1;2;5;6;24;34;19;7;0;1;1;0;1;0;0;0;0;1;0;1;0;0;0;0;1;0;0;0;0;0;0;0;0
317107;2015;MUNICIPIO;29;0;0;3;26;3;6;4;5;8;18;11;2;0;0;0;0;0;0;0;0;0;0;0;0;0;0;0;0;0;0;0;0;0;0;0;0;0
317110;2015;MUNICIPIO;22;0;0;3;19;2;4;7;4;2;14;8;0;0;0;0;0;0;0;0;0;0;0;0;0;0;0;0;0;0;0;0;0;0;0;0;0;0
317115;2015;MUNICIPIO;38;0;0;2;36;3;6;9;6;12;15;23;2;0;4;3;1;0;0;2;0;0;1;0;0;0;0;0;0;0;0;0;0;0;0;0;0;0
317120;2015;MUNICIPIO;570;0;0;102;468;25;103;132;63;145;324;246;35;0;9;8;1;8;0;3;0;0;4;0;1;0;0;0;1;0;1;1;0;1;0;0;0;0
317130;2015;MUNICIPIO;377;0;0;49;328;15;78;103;28;104;211;165;16;0;8;6;2;3;0;2;1;0;4;0;1;0;0;0;0;1;0;0;0;0;0;0;0;0
317140;2015;MUNICIPIO;34;0;0;1;33;1;8;6;6;12;17;17;1;0;0;0;0;1;0;0;0;0;0;0;0;0;0;0;0;0;0;0;0;0;0;0;0;0
317150;2015;MUNICIPIO;19;0;0;9;10;0;1;4;2;3;13;6;2;0;0;0;0;0;0;0;0;0;0;0;0;0;0;0;0;0;0;0;0;0;0;0;0;0
317160;2015;MUNICIPIO;95;0;0;15;80;6;7;20;10;37;58;37;1;0;0;0;0;0;0;0;0;0;0;0;0;0;0;0;0;0;0;0;0;0;0;0;0;0
317170;2015;MUNICIPIO;63;0;0;4;59;0;8;28;3;20;33;30;2;0;0;0;0;1;0;0;0;0;0;0;0;0;0;0;0;0;0;0;0;0;0;0;0;0
317180;2015;MUNICIPIO;75;0;0;4;71;0;11;33;12;15;44;31;4;0;1;0;1;0;0;0;0;0;1;0;0;0;0;0;0;0;0;0;0;0;0;0;0;0
317190;2015;MUNICIPIO;35;0;0;3;32;1;5;10;5;11;13;22;2;0;0;0;0;0;0;0;0;0;0;0;0;0;0;0;0;0;0;0;0;0;0;0;0;0
317200;2015;MUNICIPIO;302;0;0;37;265;11;52;97;35;70;181;121;13;0;5;4;1;0;0;1;0;0;4;0;0;0;0;0;0;0;0;0;0;0;0;0;0;0
317210;2015;MUNICIPIO;45;0;0;4;41;0;7;15;5;14;20;25;1;0;0;0;0;0;0;0;0;0;0;0;0;0;0;0;0;0;0;0;0;0;0;0;0;0
317220;2015;MUNICIPIO;19;0;0;1;18;0;7;3;3;5;7;12;1;0;0;0;0;0;0;0;0;0;0;0;0;0;0;0;0;0;0;0;0;0;0;0;0;0
